ril_gen,ril,gen,ht_ctrl,ht_t,spad_ctrl,spad_t,rwc_ctrl,rwc_t,agb_ctrl,agb_t,bgb_ctrl,bgb_t,lt_ctrl,lt_t
E1_F5,E1,F5,11,10.4,32.1,18.9,95.34883721,-21.875,0.9071,0.2194,0.3228,0.1132,30.2,33.7
E1_F5,E1,F5,17.3,9.5,34.7,32.3,84,17.59259259,0.4999,0.2062,0.1515,0.1101,29.4,33.2
E1_F5,E1,F5,15.7,9.7,27.4,NA,85,NA,0.6986,0.2575,0.2134,0.1211,NA,NA
E1_F5,E1,F5,12.3,9.1,28.6,NA,85.45454545,NA,0.5662,0.2307,0.1949,0.1259,NA,NA
E10_F5,E10,F5,12.5,8.2,30.9,26.2,104.494382,2.272727273,0.3975,0.1984,0.1824,0.1389,30.9,32.7
E10_F5,E10,F5,11.3,8.2,28.9,25.2,98.64864865,91.75257732,0.5253,0.2404,0.2218,0.1286,29.3,35
E10_F5,E10,F5,12.2,8.8,37,23.2,88.46153846,85.71428571,0.3877,0.2722,0.3816,0.1706,NA,NA
E10_F5,E10,F5,11.8,7.9,30.8,28,84.7826087,88.88888889,0.4046,0.1842,0.1686,0.0944,NA,NA
E11_F5,E11,F5,13.6,7.5,33.4,14.4,95.55555556,27.5862069,0.7802,0.1917,0.2828,0.0689,27.5,34
E11_F5,E11,F5,13.8,8.4,23,24.5,104.5454545,41.37931034,0.7468,0.1281,0.4064,0.0769,28.8,31.3
E11_F5,E11,F5,14.9,12.2,29.1,25,93.47826087,91.17647059,0.4439,0.1991,0.0944,0.0818,NA,NA
E11_F5,E11,F5,14.7,10.5,31.9,27.3,93.75,45.65217391,0.49,0.2256,0.193,0.1197,NA,NA
E14_F3,E14,F3,16.3,12.7,24.2,33.2,76.47058824,11.76470588,0.5142,0.1823,0.2866,0.0873,34.5,36.4
E14_F3,E14,F3,16.5,9.8,22.5,16.9,73.33333333,22.22222222,0.5891,0.2268,0.1861,0.1259,30.6,32.2
E14_F3,E14,F3,17.9,12,27.9,26.1,96.62542182,25,0.6529,0.2487,0.3563,0.2079,NA,NA
E14_F3,E14,F3,18.2,12.3,31.5,21.5,93.75,83.78378378,0.4608,0.1082,0.1949,0.0824,NA,NA
E15_F5,E15,F5,13.1,8.7,33.6,34.5,91.37931034,30.76923077,0.7601,0.1712,0.3355,0.0959,29.6,36.9
E15_F5,E15,F5,12.4,7.8,33.9,27.8,88.88888889,22.91666667,0.6005,0.1954,0.2149,0.166,30.4,33.3
E15_F5,E15,F5,11.4,9,29.5,NA,90.54054054,NA,0.4231,0.2071,0.1878,0.0877,NA,NA
E15_F5,E15,F5,10.4,8.6,28.1,27.6,101.8181818,51.85185185,0.3243,0.1783,0.1213,0.0955,NA,NA
E16_F5,E16,F5,14.4,8.9,21.7,27.5,100,18.68131868,0.3343,0.2051,0.0639,0.0838,27.1,35
E16_F5,E16,F5,11.6,8.9,22.1,NA,85.71428571,NA,0.2367,0.2204,0.0383,0.0817,32.9,35.1
E16_F5,E16,F5,15.9,7.2,26.8,NA,100,NA,0.6028,0.1932,0.2611,0.0766,NA,NA
E16_F5,E16,F5,11.6,7.3,26.4,24.8,91.66666667,85.18518519,0.6652,0.0923,0.3064,0.0439,NA,NA
E17_F5,E17,F5,12.9,9.8,27.4,29.8,84,18.86792453,0.8793,0.2175,0.3272,0.1041,NA,NA
E17_F5,E17,F5,13.6,9.4,30.9,NA,103.5087719,NA,0.7223,0.2443,0.2277,0.1556,NA,NA
E17_F5,E17,F5,13.7,8.5,32.2,NA,89.79591837,NA,0.4094,0.1719,0.1886,0.0913,NA,NA
E17_F5,E17,F5,14.2,10.7,28,25.5,85.04672897,81.25,0.6477,0.1817,0.2222,0.1179,NA,NA
E18_F5,E18,F5,10.9,11.5,30.5,9.4,98.21428571,28.20512821,0.7731,0.2468,0.2815,0.108,NA,NA
E18_F5,E18,F5,16.1,12.9,32.1,11.8,87.17948718,30.95238095,0.5171,0.2415,0.1759,0.0872,NA,NA
E18_F5,E18,F5,15.4,10.5,30.1,25.2,91.66666667,21.42857143,0.5683,0.1998,0.2668,0.0904,NA,NA
E18_F5,E18,F5,16,12.1,27.5,NA,86.36363636,NA,0.6361,0.2725,0.2322,0.0905,NA,NA
E18-W_F5,E18-W,F5,14,11,28.8,45.7,118.5185185,43.39622642,0.7922,0.1834,0.1941,0.0832,29,34.6
E18-W_F5,E18-W,F5,15.5,5.6,27.5,31.2,96.61016949,30.6122449,0.6687,0.2203,0.4174,0.0997,26.1,33.3
E18-W_F5,E18-W,F5,14.1,8.4,31.7,32.7,104.7619048,18.11023622,0.8119,0.1367,0.2365,0.0923,NA,NA
E18-W_F5,E18-W,F5,14.8,4.7,31.9,17.9,100,100,1.0275,0.1754,0.2869,0.0719,NA,NA
E19_F5,E19,F5,11.6,7.8,26.8,31.9,100,17.74193548,0.5814,0.2061,0.3053,0.1011,NA,NA
E19_F5,E19,F5,12.9,7.9,32.7,NA,95.08196721,NA,0.4923,0.2031,0.247,0.0774,NA,NA
E19_F5,E19,F5,11.4,8.4,35,NA,89.47368421,NA,0.5574,0.1406,0.5702,0.1076,NA,NA
E19_F5,E19,F5,11.4,8.6,33.9,12.6,89.13043478,21.05263158,0.6879,0.1683,0.3155,0.0922,NA,NA
E2_F5,E2,F5,13.5,8.8,31,19.9,95.68965517,20.58823529,0.7056,0.1887,0.1855,0.0886,30.5,34.2
E2_F5,E2,F5,18,10,35.1,30.3,96.15384615,91.42857143,0.5124,0.1679,0.2432,0.1339,31.6,34
E2_F5,E2,F5,12.2,7.2,29.2,23.5,89.0625,86.66666667,0.6162,0.1707,0.2335,0.0823,NA,NA
E2_F5,E2,F5,11.9,10.1,22.7,25.7,91.30434783,45.91836735,0.3005,0.1882,0.0928,0.1116,NA,NA
E20_F5,E20,F5,13.5,10,23.3,NA,86.11111111,NA,0.6908,0.2272,0.2272,0.1214,28.6,31.6
E20_F5,E20,F5,14.7,10.6,26.4,28.2,91.83673469,91.66666667,0.6989,0.2189,0.2026,0.1163,31.3,34
E20_F5,E20,F5,12.5,7.5,30,25.1,97.22222222,89.47368421,0.9126,0.2032,0.2412,0.1633,NA,NA
E20_F5,E20,F5,14.4,8.6,28.7,11.4,94.11764706,58.82352941,0.8352,0.3009,0.2244,0.1576,NA,NA
E21_F5,E21,F5,20,14.3,30.4,NA,104.0816327,NA,0.9317,0.1438,0.2644,0.1045,NA,NA
E21_F5,E21,F5,18.2,13.4,19.6,NA,105.1282051,NA,0.4344,0.2105,0.3939,0.0763,NA,NA
E21_F5,E21,F5,23.8,11,29.3,14.8,81.30841121,19.91150442,0.4665,0.2211,0.2328,0.0992,NA,NA
E21_F5,E21,F5,17,9.5,23.4,NA,93.02325581,NA,0.7352,0.1711,0.4169,0.1421,NA,NA
E21-W_F5,E21-W,F5,18,13.3,26,NA,95.45454545,NA,0.8136,0.2216,0.3753,0.1187,NA,NA
E21-W_F5,E21-W,F5,14.9,10.2,33.7,NA,93.06930693,NA,0.524,0.3374,0.2043,0.1283,NA,NA
E21-W_F5,E21-W,F5,16.8,9.5,29.2,NA,80.39215686,NA,1.0101,0.3125,0.4053,0.1518,NA,NA
E21-W_F5,E21-W,F5,13,13,26.1,NA,92.85714286,NA,0.7758,0.2392,0.2557,0.0871,NA,NA
E22_F5,E22,F5,11.4,6.9,26.4,16.7,100,-27.94117647,0.5178,0.1604,0.2818,0.0726,NA,NA
E22_F5,E22,F5,16.5,7.8,27.4,NA,95.55555556,NA,0.6905,0.1508,0.3251,0.0707,NA,NA
E22_F5,E22,F5,13.7,8.7,27.2,NA,91.66666667,NA,0.4405,0.1678,0.1923,0.0877,NA,NA
E22_F5,E22,F5,12.2,6.9,23.1,31.5,96.92307692,66.66666667,0.5574,0.1347,0.2299,0.1135,NA,NA
E23_F5,E23,F5,11.7,7.5,33.9,19.2,101.0869565,33.33333333,0.4899,0.1656,0.2204,0.1244,31.7,31.1
E23_F5,E23,F5,9.5,7.5,32.8,NA,91.04477612,NA,0.8006,0.1436,0.2167,0.0944,28.3,35.9
E23_F5,E23,F5,12.8,8.1,36.3,21.4,94.73684211,70,0.5676,0.1882,0.1755,0.1359,NA,NA
E23_F5,E23,F5,14.9,9.5,32.6,NA,93.93939394,NA,0.5256,0.2311,0.2244,0.0857,NA,NA
E23-W_F5,E23-W,F5,16.4,12,32.5,18.4,86.25,23.11827957,0.8231,0.1179,0.1914,0.0911,NA,NA
E23-W_F5,E23-W,F5,17.6,11.2,27.8,NA,85.96491228,NA,0.6845,0.2123,0.2131,0.0873,NA,NA
E23-W_F5,E23-W,F5,14.1,9.3,29.6,21.1,93.93939394,86.44067797,0.7338,0.1703,0.2843,0.0817,NA,NA
E23-W_F5,E23-W,F5,16.2,10.3,28.5,5.2,90.69767442,27.84810127,0.5186,0.3158,0.1548,0.1483,NA,NA
E24_F5,E24,F5,9.1,6,30.1,11.9,134.4086022,12.40875912,0.4891,0.1578,0.1561,0.0654,31.2,33.5
E24_F5,E24,F5,9.2,5.7,31.8,29.6,75.51020408,20,0.4283,0.1501,0.1656,0.0671,28.2,37
E24_F5,E24,F5,10.7,6.1,33.2,27.5,86.79245283,86.48648649,0.5643,0.1539,0.1476,0.0672,NA,NA
E24_F5,E24,F5,9.7,5.7,34.1,39.5,92.15686275,17.42424242,0.4404,0.1199,0.0916,0.0457,NA,NA
E24-W_F5,E24-W,F5,12.9,7.2,29.9,22.3,100,16.94915254,0.6549,0.2081,0.3041,0.1161,NA,NA
E24-W_F5,E24-W,F5,12.7,9.4,27.1,NA,101.3513514,17.39130435,0.5519,0.2654,0.386,0.2642,NA,NA
E24-W_F5,E24-W,F5,11.8,9,22.7,27.7,105,98.36065574,0.3837,0.2153,0.0784,0.0744,NA,NA
E24-W_F5,E24-W,F5,11.3,9.5,24.3,14.7,100,38.23529412,0.6431,0.2333,0.7383,0.0926,NA,NA
E25_F5,E25,F5,11,7.9,26.8,NA,91.42857143,NA,0.4624,0.1779,0.1574,0.0684,33.5,33.7
E25_F5,E25,F5,10,8.6,27.4,20.3,106.9565217,11.11111111,0.7675,0.2841,0.2692,0.1601,27.8,30.6
E25_F5,E25,F5,12.8,8.6,27.8,29,89.28571429,22.85714286,0.5189,0.2128,0.2597,0.0938,NA,NA
E25_F5,E25,F5,10.1,9.3,28.5,22.4,75.38461538,120,0.6967,0.2034,0.3521,0.0873,NA,NA
E26_F5,E26,F5,12.6,7.6,31.3,45.1,76.47058824,16.32653061,0.7192,0.2133,0.2834,0.0804,NA,NA
E26_F5,E26,F5,12.9,7.3,29.4,NA,92.63157895,NA,0.7726,0.1305,0.3186,0.077,NA,NA
E26_F5,E26,F5,12.2,8.3,32.4,NA,92.40506329,NA,0.5653,0.1769,0.1794,0.1226,NA,NA
E26_F5,E26,F5,11.8,6.4,23.8,32.8,100,58.06451613,0.5313,0.1813,0.2184,0.0924,NA,NA
E26-W_F4,E26-W,F4,15.9,7.8,33.9,31,89.79591837,29.78723404,0.7824,0.1719,0.2857,0.122,26.6,31.1
E26-W_F4,E26-W,F4,17.5,8.6,33.5,27.9,91.83673469,84.375,0.3954,0.1236,0.1339,0.0722,27.7,37.6
E26-W_F4,E26-W,F4,11.7,6.6,32.1,12.7,97.56097561,21.62162162,0.6596,0.1662,0.3384,0.0741,NA,NA
E26-W_F4,E26-W,F4,15,10.3,33.5,29,88.13559322,60.86956522,0.4745,0.1709,0.1696,0.1358,NA,NA
E29-W_F5,E29-W,F5,14,8.2,32.5,NA,82.22222222,NA,0.8535,0.2032,0.3446,0.073,NA,NA
E29-W_F5,E29-W,F5,12.7,9,32.9,NA,83.87096774,NA,0.9424,0.1432,0.3844,0.0648,NA,NA
E29-W_F5,E29-W,F5,12.2,9.5,34.1,36.4,96.15384615,18.18181818,0.6753,0.2251,0.2591,0.1032,NA,NA
E29-W_F5,E29-W,F5,12.5,9.6,24.7,NA,91.83673469,NA,0.5963,0.1754,0.1834,0.0741,NA,NA
E30_F5,E30,F5,13.6,10.2,23.6,25.5,115.1515152,14.03508772,0.7224,0.1619,0.2268,0.1382,30.6,32.5
E30_F5,E30,F5,14.5,9.9,26.6,19.1,102.5,96.55172414,0.7909,0.1931,0.3454,0.1138,31.3,36.7
E30_F5,E30,F5,16.1,9.2,33.7,25.9,93.18181818,89.65517241,0.399,0.1198,0.229,0.085,NA,NA
E30_F5,E30,F5,17.1,7,25.1,NA,81.81818182,NA,0.4426,0.2072,0.1746,0.1691,NA,NA
E32_F5,E32,F5,14.1,8.4,29.9,15.9,91.22807018,-22.80701754,0.4965,0.1774,0.2191,0.0748,32,31.3
E32_F5,E32,F5,12.3,9.1,31.9,24.9,98.03921569,108.8235294,0.3992,0.1908,0.1844,0.1012,31.2,37.4
E32_F5,E32,F5,12,9.2,31.4,21.8,101.6949153,45.16129032,0.4383,0.2089,0.1556,0.0712,NA,NA
E32_F5,E32,F5,14.9,8.9,34.9,47.2,97.87234043,58.97435897,0.6562,0.1714,0.2491,0.1194,NA,NA
E33_F5,E33,F5,10.9,9.1,31.7,14.2,88.52459016,14.44444444,0.4728,0.1986,0.2599,0.1233,29.5,35.4
E33_F5,E33,F5,13,8.3,26,22.2,102.6315789,22.46376812,0.4966,0.1452,0.1769,0.1225,33.5,36.1
E33_F5,E33,F5,12.5,7.8,29.9,15.3,95.34883721,10,0.6446,0.1618,0.3232,0.1098,NA,NA
E33_F5,E33,F5,13,6.8,25.7,23.8,82.35294118,89.53488372,0.5661,0.1734,0.2271,0.1169,NA,NA
E35_F5,E35,F5,15.4,7.8,29.9,12.6,95.55555556,NA,0.5342,0.2077,0.239,0.0743,NA,NA
E35_F5,E35,F5,13.7,8.4,28,NA,98.27586207,NA,0.4251,0.2277,0.1826,0.1131,NA,NA
E35_F5,E35,F5,14,9.4,32.6,NA,106.6666667,NA,0.9137,0.215,0.3969,0.093,NA,NA
E35_F5,E35,F5,17.2,11.2,31.4,NA,96.15384615,NA,0.4886,0.1324,0.2037,0.0809,NA,NA
E36_F5,E36,F5,12.7,5.1,29.9,22.3,107.1428571,123.0769231,0.2973,NA,0.0889,NA,29.2,41.4
E36_F5,E36,F5,15,4.1,26.2,NA,93.84615385,27.77777778,0.5272,0.0516,0.1884,0.0625,28.3,NA
E36_F5,E36,F5,14.9,8.2,29.2,NA,NA,NA,0.5759,NA,0.1918,NA,NA,NA
E36_F5,E36,F5,NA,NA,NA,28.3,94.44444444,44.87179487,NA,0.0491,NA,0.0382,NA,NA
E37_F4,E37,F4,12.2,9.6,27.5,17,75,18,0.7594,0.1421,0.2417,0.0754,29.4,33
E37_F4,E37,F4,12.4,7.8,26.1,10.7,84,50,0.5191,0.1888,0.1679,0.0786,32.2,36.7
E37_F4,E37,F4,12.3,6.4,32.1,7.6,93.10344828,17.27272727,0.5518,0.1972,0.2462,0.0798,NA,NA
E37_F4,E37,F4,13.5,6.8,31.3,18.3,90.24390244,150,0.5044,0.0816,0.2003,0.0565,NA,NA
E38-W_F5,E38-W,F5,10.1,6.3,25.7,NA,100,NA,0.4084,0.1533,0.3393,0.0768,32.1,40.7
E38-W_F5,E38-W,F5,10.5,7.3,29.2,35.6,86.66666667,56.75675676,0.4971,0.1092,0.2113,0.0626,31.5,35.6
E38-W_F5,E38-W,F5,11.6,7.9,28.7,26.6,101.5384615,100,0.3469,0.1449,0.1798,0.1218,NA,NA
E38-W_F5,E38-W,F5,13.1,8.5,37.5,4.7,92.42424242,15.68627451,0.624,0.165,0.4079,0.1211,NA,NA
E4_F5,E4,F5,13.3,8,31.8,27,102.5974026,22.81368821,0.4966,NA,0.1851,NA,NA,NA
E4_F5,E4,F5,11.2,8.4,28.4,27.4,98.44559585,42.95774648,0.6036,0.1412,0.2286,0.0885,NA,NA
E4_F5,E4,F5,13.1,10,28.5,28.1,102.2727273,79.54545455,0.6177,0.2723,0.2822,0.1354,NA,NA
E4_F5,E4,F5,12.4,9,31,13,89.18918919,51.66666667,0.5683,0.1467,0.2269,0.0612,NA,NA
E40-W_F5,E40-W,F5,16.4,8.7,26.8,5,81.08108108,19.40298507,0.5385,0.2164,0.223,0.1057,NA,NA
E40-W_F5,E40-W,F5,16.2,12.6,25.5,NA,91.74311927,NA,0.5911,0.1412,0.3227,0.0521,NA,NA
E40-W_F5,E40-W,F5,18.9,21.1,30.2,NA,84.90566038,NA,0.7284,0.1848,0.2306,0.0668,NA,NA
E40-W_F5,E40-W,F5,14.6,11,25.2,17.1,92.15686275,18.8976378,0.4377,0.2339,0.1988,0.1127,NA,NA
E41_F5,E41,F5,14.1,9.9,20.1,34.3,92.30769231,30.76923077,0.5302,0.0827,0.2259,0.0386,29.2,34.3
E41_F5,E41,F5,14.6,5.3,29.5,29.4,98.80952381,87.5,0.6572,0.1144,0.3164,0.0781,33.3,37
E41_F5,E41,F5,11.2,8.4,25.6,26.4,94.66666667,100,0.5727,0.1529,0.2901,0.1205,NA,NA
E41_F5,E41,F5,16.3,9.1,30.2,26.3,93.47826087,35.55555556,0.7377,0.1825,0.3029,0.1257,NA,NA
E42_F5,E42,F5,11.6,9.2,29.3,NA,126.0869565,NA,0.5938,0.1877,0.4115,0.0931,29.1,31.5
E42_F5,E42,F5,16.1,11,28.9,19.4,124.2424242,140.625,0.4464,0.2267,0.1406,0.0756,31.7,34.5
E42_F5,E42,F5,14.4,8.7,31.4,9,92.1875,20.23809524,0.5716,0.2764,0.1893,0.2037,NA,NA
E42_F5,E42,F5,11.8,8.4,26.5,21.9,96.22641509,72.97297297,0.507,0.1579,0.1809,0.1119,NA,NA
E43_F5,E43,F5,16.3,10.5,27.7,22.9,95.83333333,20.40816327,0.8334,0.1798,0.2594,0.0754,NA,NA
E43_F5,E43,F5,17.5,7.8,27.6,24.5,101.8867925,15.15151515,0.4712,0.3783,0.2352,0.2021,NA,NA
E43_F5,E43,F5,17,12.9,27.5,22.6,100,71.42857143,0.4145,0.1576,0.4272,0.0878,NA,NA
E43_F5,E43,F5,19.8,11.2,27.9,18.1,86.84210526,22.80701754,0.6332,0.0838,0.1954,0.1194,NA,NA
E44_F5,E44,F5,15.5,12.7,24.7,17.1,94.87179487,20.58823529,1.2625,0.1493,0.5271,0.1254,31,36.3
E44_F5,E44,F5,13,11.6,24.7,27.8,97.05882353,59.52380952,0.7288,0.2482,0.3648,0.1103,31,34
E44_F5,E44,F5,18.3,10.6,29.7,22.4,97.05882353,95.83333333,0.5148,0.2047,0.3218,0.0868,NA,NA
E44_F5,E44,F5,17.4,11.2,37.1,34.7,105.5555556,25.71428571,0.7151,0.1723,0.2905,0.1609,NA,NA
E45_F5,E45,F5,12,8.9,28,19.3,103.7037037,65.38461538,0.3845,0.2094,0.1336,0.1295,NA,NA
E45_F5,E45,F5,13.8,5.7,29.5,13.2,96.27329193,25.71428571,0.4836,0.1766,0.2545,0.1058,NA,NA
E45_F5,E45,F5,13.4,6.9,25.7,15.8,96.82539683,18.70967742,0.5725,0.2018,0.264,0.1322,NA,NA
E45_F5,E45,F5,11.7,7.8,28.7,26.3,96,22.22222222,0.5568,0.1466,0.185,0.0884,NA,NA
E46-W_F5,E46-W,F5,11.4,8,28.9,NA,103.6697248,NA,0.6365,0.2956,0.1209,0.0942,31.9,36
E46-W_F5,E46-W,F5,13,8.4,23.1,24.2,91.4893617,24.63768116,0.7201,NA,0.2499,NA,29.8,33.9
E46-W_F5,E46-W,F5,12.5,7.7,29.5,16.9,97.05882353,47.00854701,0.6281,0.1717,0.2343,0.1204,NA,NA
E46-W_F5,E46-W,F5,11.6,9.1,33.1,25.9,100,27.27272727,0.7838,NA,0.2177,NA,NA,NA
E47_F5,E47,F5,12.4,9.8,25.6,25.5,92.85714286,35.0877193,0.5521,0.1336,0.3751,0.0777,NA,NA
E47_F5,E47,F5,13.8,10.2,23.7,26.1,87.5,17.64705882,0.4949,NA,0.1576,NA,NA,NA
E47_F5,E47,F5,14.1,NA,23.6,NA,97.6744186,NA,0.3671,0.1839,0.2294,0.0598,NA,NA
E47_F5,E47,F5,15,10.4,33.8,20.6,102.0408163,19.92481203,0.5205,0.2304,0.2166,0.0786,NA,NA
E48_F5,E48,F5,13.1,9.9,27.2,25,101.9607843,-18.46153846,0.4244,0.2419,0.2139,0.1042,29.2,33.9
E48_F5,E48,F5,12.1,10.1,29.9,12.2,93.18181818,36.45833333,0.5432,0.1885,0.2417,0.0792,32.7,32.4
E48_F5,E48,F5,12.5,10.6,26.1,26.5,102.8985507,12.82051282,0.5519,0.2349,0.2155,0.1334,NA,NA
E48_F5,E48,F5,11.6,9.6,26.4,16.3,97.05882353,100,0.5045,0.2156,0.3233,0.0794,NA,NA
E49_F5,E49,F5,11.2,8.9,26.7,18.3,98.73417722,-15.95744681,0.5165,0.2079,0.2541,0.0924,NA,NA
E49_F5,E49,F5,12.7,5.6,24.6,18.2,93.33333333,22.07792208,0.3933,0.1309,0.1283,0.1002,NA,NA
E49_F5,E49,F5,11.5,8.4,26.4,NA,92.75362319,NA,0.4637,0.1702,0.226,0.0934,NA,NA
E49_F5,E49,F5,10.6,7.1,29.1,NA,100,NA,0.5858,0.1849,0.3167,0.1493,NA,NA
E49-W_F5,E49-W,F5,12,8.5,25.9,21.1,72.72727273,14.92537313,0.8085,0.2485,0.3892,0.1154,32.9,33.7
E49-W_F5,E49-W,F5,11.6,7.5,24.8,17.5,106.5217391,109.2307692,0.5788,0.1762,0.1696,0.1139,32.7,32.2
E49-W_F5,E49-W,F5,11.2,8.8,30.5,NA,100,NA,0.5847,0.2826,0.2635,0.1662,NA,NA
E49-W_F5,E49-W,F5,12,8,33.3,20.4,87.5,20.23809524,0.6309,0.1814,0.2621,0.0838,NA,NA
E5_F5,E5,F5,14.4,8.2,26.3,18.3,95.45454545,12.12121212,1.2235,0.2624,0.4171,0.1569,30,33
E5_F5,E5,F5,11.7,8,27.6,17,83.60655738,95.23809524,0.5486,0.2356,0.2255,0.1389,32.1,33
E5_F5,E5,F5,12.2,9,25.6,17.4,88.13559322,72.22222222,0.9391,0.3072,0.4907,0.2067,NA,NA
E5_F5,E5,F5,14.3,8.8,29.1,NA,93.93939394,NA,0.5196,0.0484,0.2115,0.0721,NA,NA
E50_F5,E50,F5,13.9,13.5,30.2,20.5,97.82608696,18.30985915,0.5764,0.2923,0.1504,0.1226,27.7,35.5
E50_F5,E50,F5,11.9,9.6,28.3,NA,105.8823529,NA,0.5524,0.1396,0.1971,0.0889,27.7,34.8
E50_F5,E50,F5,11.5,8.1,30.5,NA,96.2962963,NA,0.7076,0.2777,0.3244,0.1151,NA,NA
E50_F5,E50,F5,14.5,7.5,34.9,15.1,98.88888889,63.15789474,0.6901,0.2858,0.2601,0.0798,NA,NA
E6_F5,E6,F5,14,9,22.8,9.9,96.63865546,-9.523809524,0.6977,0.2373,0.2289,0.109,NA,NA
E6_F5,E6,F5,20.4,9.5,27.6,NA,102.5641026,NA,0.556,0.1557,0.3347,0.1156,NA,NA
E6_F5,E6,F5,16.3,9.7,24.1,NA,84.72222222,NA,0.6215,0.1754,0.2265,0.0862,NA,NA
E6_F5,E6,F5,13.7,9.6,33,NA,87.87878788,NA,0.9551,0.1652,0.3983,0.0886,NA,NA
E7_F5,E7,F5,18.4,8.1,26.8,16.5,81.81818182,55.12820513,0.5681,0.0816,0.2853,0.0457,31.2,35.4
E7_F5,E7,F5,13,8.1,23.2,19.4,93.22033898,94.11764706,0.6409,0.2244,0.2543,0.1181,30.5,38.2
E7_F5,E7,F5,13.6,8.9,28.9,18,89.70588235,96.34146341,0.6739,0.2158,0.3626,0.1341,NA,NA
E7_F5,E7,F5,13.5,10,27.4,15.6,88.63636364,80.95238095,0.4844,0.1733,0.2062,0.1049,NA,NA
E8_F5,E8,F5,14.1,7.5,22.1,13.7,100,86.36363636,0.4314,0.0474,0.1435,0.0339,NA,NA
E8_F5,E8,F5,12.5,5.4,25.2,26.2,90.90909091,57.14285714,0.5859,0.2119,0.2716,0.1219,NA,NA
E8_F5,E8,F5,14.1,5.4,28,19.5,94.59459459,80,0.7458,NA,0.2774,NA,NA,NA
E8_F5,E8,F5,13.7,8.2,25.1,25.3,90.90909091,89.13043478,0.3933,0.1442,0.2695,0.0596,NA,NA
E8W_F5,E8W,F5,14.7,6.7,26.7,26.2,92.85714286,69.87951807,0.6013,0.1951,0.2492,0.1293,30.5,33.5
E8W_F5,E8W,F5,11.2,7.9,22.1,23.3,96.06299213,94.44444444,0.6859,0.1482,0.3359,0.1378,32.2,38.4
E8W_F5,E8W,F5,11.5,6.5,26.5,21.1,98.55072464,100,0.4092,0.1435,0.2028,0.0773,NA,NA
E8W_F5,E8W,F5,12.2,8.2,25.1,20.1,97.5,16.4556962,0.7846,0.1457,0.3119,0.1139,NA,NA
L1_F5,L1,F5,12.8,8.3,25.3,23,124.137931,93.47826087,0.5499,0.2584,0.3142,0.1407,25.6,34.2
L1_F5,L1,F5,12.8,9.7,27.6,26,103.8461538,18.75,0.5448,0.1514,0.2643,0.1036,32.7,36.1
L1_F5,L1,F5,12.1,8.3,27.8,14.1,104,21.21212121,0.4086,0.2019,0.2149,0.0649,NA,NA
L1_F5,L1,F5,13.4,8.5,26.7,20.2,95.58823529,68.18181818,0.4555,0.2162,0.198,0.1167,NA,NA
L10_F3,L10,F3,10,7,37,NA,98.33333333,NA,0.6409,0.2104,0.2102,0.1322,31.5,34.1
L10_F3,L10,F3,12.1,8,33.1,NA,89.7810219,NA,0.3972,0.0521,0.1333,0.1055,28.4,34.6
L10_F3,L10,F3,12,8.3,31.1,24.9,89.44099379,86.95652174,0.8138,0.1946,0.3423,0.0826,NA,NA
L10_F3,L10,F3,14,8.2,30.1,20.3,96.2962963,100,0.6301,0.1754,0.2106,0.0922,NA,NA
L11_F3,L11,F3,15.1,10.5,26.1,NA,100,NA,0.7022,0.1494,0.2543,0.0948,32,34
L11_F3,L11,F3,17.4,12.1,29.3,14.2,101.5748031,17.64705882,0.6333,0.2083,0.3166,0.1221,33,36.7
L11_F3,L11,F3,15.4,11.6,29.1,17.8,89.47368421,46.15384615,0.6542,0.1431,0.3369,0.0931,NA,NA
L11_F3,L11,F3,17.8,8.2,27.4,15.2,110.7142857,97.82608696,0.4888,0.2407,0.2393,0.1461,NA,NA
L12_F4,L12,F4,15,10.5,28.7,24.4,98.94736842,-14.92537313,0.4618,0.2061,0.1993,0.1019,32.9,37.4
L12_F4,L12,F4,11.6,12,29.6,32,100,19.40298507,0.5132,0.2403,0.2628,0.0953,30.5,32.9
L12_F4,L12,F4,13.2,10,24.6,21.8,96.875,17.77777778,0.2983,0.2119,0.1141,0.1201,NA,NA
L12_F4,L12,F4,13.5,5.4,23.8,17.4,91.35802469,88.23529412,0.4564,0.0756,0.1933,0.0536,NA,NA
L13_F5,L13,F5,13.7,9.4,26.6,29.2,100,27.65957447,0.1306,0.1946,0.0353,0.0521,29.7,36.6
L13_F5,L13,F5,13.2,7.9,31.4,31,90.47619048,21.68674699,0.3914,0.137,0.1424,0.0953,27.8,36.2
L13_F5,L13,F5,10.6,1.3,29.4,3.2,94.64285714,89.47368421,0.2937,0.0067,0.0757,0.0021,NA,NA
L13_F5,L13,F5,10.2,6.6,24.9,19.7,100,87.17948718,0.2891,0.1449,0.1146,0.0764,NA,NA
L14_F3,L14,F3,16.9,8.5,28.5,9.8,96.82539683,37.20930233,0.5649,0.1584,0.1724,0.0822,30.1,34.3
L14_F3,L14,F3,12,9.3,25.3,23.1,86.15384615,61.97183099,0.6922,0.2924,0.2172,0.1297,28.6,34.2
L14_F3,L14,F3,14.8,8.4,33.1,24,72.85714286,83.33333333,0.4285,0.2016,0.1348,0.0678,NA,NA
L14_F3,L14,F3,12.5,10,30.2,31,86.07594937,47.5,0.5887,0.2547,0.1086,0.1149,NA,NA
L15_F3,L15,F3,11.5,10.3,30.8,NA,100,22.60273973,0.5964,0.1397,0.1581,0.0852,31.4,34.4
L15_F3,L15,F3,14.9,9.4,26.8,25.2,94.11764706,116.6666667,0.5531,0.2786,0.3009,0.1378,32.4,35.5
L15_F3,L15,F3,15.4,11.1,19.5,25.7,85.58558559,26.78571429,0.6859,0.14,0.4328,0.116,NA,NA
L15_F3,L15,F3,19.2,9.2,29.4,17.7,94.11764706,27.45098039,0.5453,0.167,0.2927,0.085,NA,NA
L16_F4,L16,F4,13.2,11,29.3,NA,95.23809524,NA,0.4456,0.1714,0.2437,0.1603,NA,NA
L16_F4,L16,F4,11.9,8.4,32.8,22.5,92,7.246376812,0.5706,0.2411,0.2484,0.1306,NA,NA
L16_F4,L16,F4,14.1,12.6,25.9,28.7,85.96491228,84.61538462,0.4544,0.1829,0.1811,0.151,NA,NA
L16_F4,L16,F4,15.9,10.1,25.7,9.4,88.0952381,82.22222222,0.3266,0.2029,0.1211,0.1211,NA,NA
L17_F5,L17,F5,13.5,8.9,29.3,22.9,102.5974026,27.27272727,0.8141,0.3145,0.4802,0.1391,28.6,32.5
L17_F5,L17,F5,11.4,9.4,33.1,22.4,86.11111111,66.66666667,0.9719,0.1757,0.2509,0.0636,29.7,34.7
L17_F5,L17,F5,14,11.4,31.2,29.9,93.24324324,20,0.9814,0.2416,0.3595,0.0783,NA,NA
L17_F5,L17,F5,15.9,7.9,27.2,NA,90.38461538,NA,1.1819,0.2117,0.4119,0.0566,NA,NA
L18_F5,L18,F5,16,7.4,30.4,18.4,102.0833333,2.040816327,0.4666,0.0958,0.3544,0.0662,26,31.5
L18_F5,L18,F5,12,11,30.1,29.7,81.08108108,76.74418605,0.5232,0.2994,0.1253,0.1786,27.5,34.8
L18_F5,L18,F5,17.6,11,30.2,20,84.53608247,15.15151515,0.638,0.1452,0.4526,0.1363,NA,NA
L18_F5,L18,F5,15.5,7.8,31.1,25.1,75.86206897,92.85714286,0.5313,0.2019,0.1463,0.0931,NA,NA
L19_F3,L19,F3,14,5.4,25.7,NA,98.64864865,NA,0.5297,0.0941,0.4614,0.0951,30.6,31.5
L19_F3,L19,F3,12.9,12.2,26.2,15.3,94.38202247,94.28571429,0.5658,0.1348,0.3129,0.093,30.8,37
L19_F3,L19,F3,18.9,12.1,29.5,NA,81.15942029,NA,0.7478,0.1738,0.2072,0.1019,NA,NA
L19_F3,L19,F3,17.5,8.6,29.2,17,87.5,28.57142857,0.8769,0.3636,0.3882,0.2216,NA,NA
L2_F4,L2,F4,12.6,10,26.6,20.9,104,-16.07142857,0.8728,0.1944,0.3351,0.1569,28.2,33.5
L2_F4,L2,F4,13.2,9.6,22.9,29.3,94.73684211,62.68656716,0.6479,0.2178,0.3566,0.0954,25.7,33.8
L2_F4,L2,F4,14.9,8.4,25.3,25.3,92.5,66.66666667,0.9305,0.2321,0.3532,0.1903,NA,NA
L2_F4,L2,F4,16.1,8.2,26.6,19.8,79.16666667,91.93548387,0.5328,0.2278,0.4427,0.1089,NA,NA
L20_F5,L20,F5,15.8,9.7,29.5,15.4,109.5238095,-19.04761905,0.9599,0.1636,0.3414,0.0695,NA,NA
L20_F5,L20,F5,17.5,11.2,27.6,NA,79.10447761,NA,0.9067,0.2227,0.2792,0.0822,NA,NA
L20_F5,L20,F5,15,11.5,27.9,22.3,95,50,0.5354,0.2116,0.1616,0.0857,NA,NA
L20_F5,L20,F5,16.2,11.7,27.7,NA,86.15384615,NA,0.6194,0.0226,0.4243,0.0628,NA,NA
L21_F4,L21,F4,14,7.6,29.2,22.5,91.89189189,33.33333333,0.4181,0.16966,0.0788,0.1028,NA,NA
L21_F4,L21,F4,11.1,9.8,30.1,34.6,98,40.42553191,0.4707,0.2077,0.1733,0.0684,NA,NA
L21_F4,L21,F4,14.4,9.4,32.1,20.6,87.3015873,20.43010753,0.6905,0.1081,0.3423,0.0735,NA,NA
L21_F4,L21,F4,16.2,9.1,32.9,22.4,89.18918919,50,0.781,0.2364,0.3211,0.1154,NA,NA
L22_F5,L22,F5,14.1,11.6,27.1,21.2,86,13.23529412,0.6691,0.1992,0.2127,0.0758,29.7,34.7
L22_F5,L22,F5,12.3,11,22.9,20.6,94.73684211,75,0.4772,0.2677,0.2274,0.0983,28.1,35.7
L22_F5,L22,F5,14.8,10.9,23.5,27.3,100,87.71929825,0.6803,0.155,0.2414,0.0644,NA,NA
L22_F5,L22,F5,14,9.1,25.5,NA,85.71428571,NA,0.6241,0.2173,0.1782,0.0631,NA,NA
L23_F5,L23,F5,13.8,8.9,28.7,14.7,99.08256881,27.3255814,0.5836,0.2736,0.2529,0.1091,25.3,32
L23_F5,L23,F5,17,8.9,31.2,NA,98.48484848,NA,0.721,0.3036,0.2287,0.1758,30.4,36.4
L23_F5,L23,F5,14.3,9.4,29.8,16.2,83.33333333,107.6923077,0.7662,0.1568,0.2339,0.0916,NA,NA
L23_F5,L23,F5,13.1,7.1,23.6,20.9,97.33333333,91.42857143,0.5509,0.1754,0.2004,0.0975,NA,NA
L24_F5,L24,F5,11.7,8.3,29.5,33.2,94.59459459,15.46391753,0.5752,0.1596,0.2271,0.0761,31.1,35.5
L24_F5,L24,F5,13.8,8,29.5,18.4,86.66666667,70,0.7749,0.1464,0.1883,0.0622,28,33.7
L24_F5,L24,F5,11.3,7.3,29.6,NA,93.75,NA,0.5283,0.2762,0.1996,0.1095,NA,NA
L24_F5,L24,F5,11.4,9.2,29.5,43.5,92.30769231,75.86206897,0.4272,0.2042,0.1039,0.1154,NA,NA
L26_F5,L26,F5,11,7.7,29.3,29.6,100,21.8487395,0.8732,0.2287,0.2777,0.09,NA,NA
L26_F5,L26,F5,12.2,8.1,32.4,20.5,88.15789474,81.25,0.5253,0.1388,0.1282,0.0592,NA,NA
L26_F5,L26,F5,10.2,8.1,29.5,NA,86.95652174,27.27272727,0.3834,0.2337,0.1437,0.1636,NA,NA
L26_F5,L26,F5,11.6,8.2,32.9,NA,91.66666667,NA,0.4771,0.16,0.1837,0.112,NA,NA
L27_F4,L27,F4,10.2,8.4,23.5,21.5,85.36585366,10.81081081,0.137,0.2163,0.6037,0.1436,NA,NA
L27_F4,L27,F4,12.1,7.7,30.3,23.3,95,73.4939759,0.4609,0.1872,0.2683,0.1214,NA,NA
L27_F4,L27,F4,18.4,10,26.7,NA,92.5,NA,0.5667,0.1609,0.2841,0.0947,NA,NA
L27_F4,L27,F4,17.2,9.3,29.4,NA,84.74576271,NA,0.6676,0.1521,0.2963,0.0857,NA,NA
L28_F5,L28,F5,9.2,7,28.7,21,85.71428571,20,0.5889,0.2296,0.2099,0.1017,29.4,32.1
L28_F5,L28,F5,10.1,6.3,26.1,20.2,90.78947368,25.88235294,0.5252,0.0427,0.2325,0.0494,31.8,33.8
L28_F5,L28,F5,9.6,6.3,24.8,NA,97.27272727,NA,0.5623,0.2541,0.2097,0.1189,NA,NA
L28_F5,L28,F5,8.4,6.9,33.3,24.5,100,87.27272727,0.3501,0.2079,0.1306,0.0678,NA,NA
L29_F5,L29,F5,9.2,9.4,30.4,22.2,102.1276596,-20,0.9064,0.1955,0.3839,0.1019,30.8,35.5
L29_F5,L29,F5,11.8,6.6,26.1,25.9,94.11764706,42,0.2236,0.1206,0.1163,0.0956,30.7,32.9
L29_F5,L29,F5,12.7,8.9,21.3,NA,100,NA,0.4986,0.2054,0.2409,0.1068,NA,NA
L29_F5,L29,F5,13.8,7.1,31.1,27.1,77.10843373,82.35294118,0.7507,0.1587,0.3421,0.0974,NA,NA
L33_F5,L33,F5,12.5,8.3,31.5,24,5.714285714,82.05128205,0.7143,0.2192,0.3381,0.1713,30.9,33.7
L33_F5,L33,F5,14.8,9.2,26.9,25.1,96.72131148,97.05882353,0.5054,0.197,0.1637,0.1151,32.7,36.2
L33_F5,L33,F5,12.9,8.3,38.2,10.6,97.72727273,71.15384615,0.4944,0.1682,0.146,0.0819,NA,NA
L33_F5,L33,F5,12.2,8,31.8,23.5,93.44262295,84.7826087,0.4637,0.2299,0.1543,0.1386,NA,NA
L34_F4,L34,F4,12.9,8.4,23.6,10.2,90.90909091,28.66666667,0.5469,0.1767,0.1792,0.1157,NA,NA
L34_F4,L34,F4,14.5,10.1,28,NA,98.14814815,NA,0.6686,0.2778,0.2208,0.1792,NA,NA
L34_F4,L34,F4,13.4,10,28.5,NA,96.82539683,NA,0.4248,0.1753,0.1657,0.0928,NA,NA
L34_F4,L34,F4,12.3,9.9,34.5,NA,102.5641026,NA,0.6125,0.2758,0.2923,0.1087,NA,NA
L35_F4,L35,F4,17.8,11.9,30.1,21.4,103.3333333,16.88311688,0.4029,0.1517,0.1674,0.0709,27.4,34.8
L35_F4,L35,F4,13.8,10.5,33.6,23.2,111.1111111,72.34042553,0.5516,0.2233,0.2072,0.0955,25.8,33.3
L35_F4,L35,F4,13.5,6.6,29.5,20.4,98.4375,81.33333333,0.6513,0.2161,0.2358,0.1526,NA,NA
L35_F4,L35,F4,20.3,8.6,24.7,22,100,91.66666667,0.4413,0.1526,0.5112,0.1082,NA,NA
L37_F5,L37,F5,13.5,6.2,26.5,26.8,93.10344828,21.05263158,0.5293,0.1969,0.2634,0.0886,NA,NA
L37_F5,L37,F5,11.9,9.5,26.1,NA,98.13084112,NA,0.4488,0.2538,0.2351,0.1173,NA,NA
L37_F5,L37,F5,11.5,8.5,27.6,NA,96.45390071,16.12903226,0.3924,0.1481,0.32,0.0744,NA,NA
L37_F5,L37,F5,12.8,8.2,27.5,20.7,91.37931034,66.66666667,0.3315,0.2224,0.1451,0.1157,NA,NA
L38_F5,L38,F5,11.6,8.8,31.6,25.1,114.2857143,77.35849057,0.5791,0.2323,0.1709,0.1307,27.4,34.2
L38_F5,L38,F5,9.9,7.4,32.1,22.3,102.4390244,12.5,0.5361,0.1422,0.1501,0.0724,31.3,36.2
L38_F5,L38,F5,15,8.1,33.5,29,87.23404255,93.5483871,0.2824,0.0951,0.1229,0.0572,NA,NA
L38_F5,L38,F5,13.8,6.6,34.7,20.8,93.02325581,100,0.4098,0.1872,0.1372,0.0724,NA,NA
L39_F5,L39,F5,14.7,10.1,31,29.9,96.49122807,34.17721519,0.8023,0.2652,0.4436,0.1084,NA,NA
L39_F5,L39,F5,15.9,10.8,30.2,NA,104,NA,1.0906,0.1956,0.2147,0.0764,NA,NA
L39_F5,L39,F5,13.2,10.6,24.8,19.4,95.39473684,18.36734694,0.6943,0.1921,0.2455,0.0524,NA,NA
L39_F5,L39,F5,20.8,9.6,29.7,26.5,89.09090909,17.84511785,0.7553,0.2025,0.2494,0.0744,NA,NA
L4_F5,L4,F5,12.3,9.9,16.8,14.7,42.42424242,4.166666667,0.4747,0.1862,0.3002,0.0973,27.7,31.6
L4_F5,L4,F5,13.8,9.7,24.8,11.9,97.61904762,24.57142857,0.5095,0.2323,0.1649,0.1522,32.7,30.6
L4_F5,L4,F5,13.6,10.8,22.5,19,95.58823529,97.22222222,0.4796,0.1798,0.2543,0.1872,NA,NA
L4_F5,L4,F5,11.8,9.9,24.5,20.9,93.90243902,87.5,0.5315,0.1489,0.3381,0.0656,NA,NA
L40_F3,L40,F3,13.4,10,29.1,22.6,96.55172414,52.08333333,0.2161,0.2548,0.0582,0.1759,30.8,32.6
L40_F3,L40,F3,13.3,9.5,31.1,13.2,95,28.125,0.4119,0.1507,0.1482,0.0849,33,30.9
L40_F3,L40,F3,10.4,11.4,26.2,27.2,98.21428571,75,0.4623,0.2387,0.3436,0.0987,NA,NA
L40_F3,L40,F3,14.5,10,24.3,19.6,78,68.42105263,0.5318,0.2189,0.1892,0.1586,NA,NA
L41_F3,L41,F3,13.8,7.4,24.6,17.2,87.87878788,94.59459459,0.6412,0.1383,0.3487,0.1014,30.5,33.2
L41_F3,L41,F3,14,8,23,20.3,100,100,0.5084,0.1524,0.3268,0.111,30.6,34.4
L41_F3,L41,F3,15.8,8,32.5,16.5,91.91919192,60.41666667,0.7082,0.1814,0.2385,0.1758,NA,NA
L41_F3,L41,F3,17.7,9.2,29.1,NA,78.37837838,NA,0.4251,0.1654,0.2842,0.0843,NA,NA
L43_F5,L43,F5,11.9,8.3,26,11.5,104.3478261,24.61538462,0.7288,0.1791,0.3644,0.0988,NA,NA
L43_F5,L43,F5,12.9,9.7,39.3,22.5,91.78082192,22.12389381,0.8261,0.2704,0.2865,0.0878,NA,NA
L43_F5,L43,F5,13.6,5.6,28.8,31.2,90.74074074,20,0.4756,0.1806,0.5025,0.1271,NA,NA
L43_F5,L43,F5,14,8.4,31.3,17.1,86.20689655,27.27272727,0.6037,0.1846,0.2652,0.0821,NA,NA
L47_F3,L47,F3,15.5,12,27.3,NA,77.27272727,NA,0.5466,0.1721,0.2445,0.1142,NA,NA
L47_F3,L47,F3,16.1,10.1,32.5,NA,86.2745098,NA,0.5342,0.0956,0.2266,0.0213,NA,NA
L47_F3,L47,F3,15,5.9,29.3,NA,86.56716418,NA,0.8757,0.1829,0.4304,0.0755,NA,NA
L47_F3,L47,F3,14.6,7.7,29.7,12.4,93.82716049,30.3030303,0.7928,0.2629,0.3166,0.1169,NA,NA
L48_F5,L48,F5,13.4,8.6,29.3,25.6,98.73417722,59.80392157,0.6301,0.1412,0.2722,0.0613,NA,NA
L48_F5,L48,F5,12.1,7.2,31.7,25.5,100,12.38095238,0.4178,0.2776,0.2038,0.1414,NA,NA
L48_F5,L48,F5,15,7.2,19.3,NA,98.71794872,NA,0.5419,0.1963,0.2543,0.0957,NA,NA
L48_F5,L48,F5,13.6,8.3,18.6,20.8,95.65217391,70,0.6412,0.1369,0.2731,0.1179,NA,NA
L5_F5,L5,F5,12.6,4.5,25.6,14.2,100,72.72727273,0.7949,0.2303,0.3529,0.1293,NA,NA
L5_F5,L5,F5,NA,7.5,NA,NA,NA,NA,NA,0.1742,NA,0.1158,NA,NA
L5_F5,L5,F5,13,6.3,16.5,11,81.69014085,32,0.5672,0.1397,0.2682,0.0978,NA,NA
L5_F5,L5,F5,14,7.8,32.2,NA,82.35294118,NA,0.6539,0.0468,0.2274,0.0319,NA,NA
L52_F5,L52,F5,10.8,6.8,29.8,32.8,105.7971014,79.06976744,0.4182,0.2209,0.0943,0.125,31.7,33.2
L52_F5,L52,F5,12.2,9.5,28.7,26.6,92.45283019,51.35135135,0.535,0.2901,0.1665,0.1662,30.4,34.1
L52_F5,L52,F5,12.1,9.7,31.5,22.6,97.05882353,98.30508475,0.5799,0.2539,0.147,0.1071,NA,NA
L52_F5,L52,F5,8.3,6.1,27.1,28.4,83.33333333,58.57142857,0.5194,0.1649,0.209,0.1536,NA,NA
L53_F5,L53,F5,9.8,6.5,23.5,26.1,93.5483871,29.41176471,0.555,0.1741,0.3275,0.0939,NA,NA
L53_F5,L53,F5,9.1,6.5,25.4,NA,94.62365591,NA,0.3301,0.1787,0.1973,0.0852,NA,NA
L53_F5,L53,F5,8.4,6.7,25.8,17.1,94.44444444,15.625,0.5384,0.1454,0.3108,0.0884,NA,NA
L53_F5,L53,F5,12.5,7.1,31.4,NA,96.22641509,NA,0.6276,0.3056,0.2156,0.1259,NA,NA
L54_F5,L54,F5,10.5,7.5,32.2,16,94.82758621,62.96296296,0.4833,0.1772,0.1462,0.1002,31.2,34.1
L54_F5,L54,F5,13.8,9.9,25.1,24.9,96.15384615,17.68707483,0.4619,0.2238,0.2649,0.1509,33,39
L54_F5,L54,F5,13,7,28,15.8,89.58333333,92.77108434,0.5535,0.1451,0.2515,0.0933,NA,NA
L54_F5,L54,F5,12.7,7.3,28.3,35.9,82.92682927,37.5,0.5431,0.1527,0.2455,0.1431,NA,NA
L6_F6,L6,F6,9,8.1,27.4,NA,105.5555556,NA,0.6644,0.2063,0.2166,0.1115,NA,NA
L6_F6,L6,F6,12.6,8,27.4,20.8,100,56.41025641,0.3667,0.2541,0.2128,0.1364,NA,NA
L6_F6,L6,F6,11.8,7.1,28.1,15.1,89.39393939,84.61538462,0.6031,0.2006,0.2581,0.1409,NA,NA
L6_F6,L6,F6,12.3,7.3,29.4,34.6,93.22033898,42.68292683,0.9307,0.2313,0.3076,0.1194,NA,NA
L7_F5,L7,F5,11.8,7.9,30.3,20.9,100.9009009,60.52631579,0.6389,0.2322,0.2459,0.1117,NA,NA
L7_F5,L7,F5,10.4,6.9,27.1,NA,100,NA,0.4749,0.1448,0.1907,0.0679,NA,NA
L7_F5,L7,F5,13.4,8.5,31.3,27.1,75.51020408,55.76923077,0.5809,0.2228,0.1922,0.0905,NA,NA
L7_F5,L7,F5,13.1,6.8,28.2,NA,79.54545455,NA,0.6699,0.1676,0.1806,0.0748,NA,NA
L9_F5,L9,F5,11.5,7.8,32.2,10.6,92.1875,33.75,0.4343,0.1439,0.1664,0.0933,NA,NA
L9_F5,L9,F5,13.3,6.7,32.4,18.9,88.63636364,27.14285714,0.5389,0.2179,0.2447,0.0773,NA,NA
L9_F5,L9,F5,11.6,8.4,30.8,27.1,93.75,97.05882353,0.6492,0.1726,0.2418,0.0981,NA,NA
L9_F5,L9,F5,13.5,8.6,30.4,20.9,100,57.57575758,0.2379,0.1711,0.1077,0.1487,NA,NA
N1_F5,N1,F5,12.1,9.5,31,19.2,90.66666667,70,0.4879,0.2509,0.1138,0.0673,32.5,32.2
N1_F5,N1,F5,12,9.5,23.5,40.8,101.6666667,25,0.4832,0.2093,0.1559,0.1148,31.5,34.6
N1_F5,N1,F5,14.1,9.4,27.1,31.8,87.87878788,29.7029703,0.4985,0.2784,0.1844,0.0791,NA,NA
N1_F5,N1,F5,12.2,8.5,29,27.5,80.95238095,94.11764706,0.5141,NA,0.1117,NA,NA,NA
N10_F5,N10,F5,14.7,10.4,25.2,26.2,98.30508475,45.23809524,0.5153,0.1674,0.1522,0.0929,24.7,33.9
N10_F5,N10,F5,17.1,10.5,27,19.8,102.4390244,20.33898305,0.5362,0.1622,0.254,0.1441,29.7,35
N10_F5,N10,F5,15.9,12.4,30.5,32.6,80.35714286,92.5,0.4662,0.1978,0.3029,0.0906,NA,NA
N10_F5,N10,F5,10.3,9.2,29.3,NA,89.39393939,NA,0.7026,0.2925,0.1917,0.1995,NA,NA
N100_F5,N100,F5,13.3,7.4,28.1,NA,86.66666667,NA,0.9159,0.1292,0.3038,0.0506,NA,NA
N100_F5,N100,F5,8.4,8.5,30.4,NA,94.87179487,NA,0.2993,0.0673,0.1877,0.0667,NA,NA
N100_F5,N100,F5,14.9,7.5,32.4,18.9,89.47368421,20,0.7246,0.1766,0.1974,0.0549,NA,NA
N100_F5,N100,F5,13.4,10.4,30.5,29.8,82.8125,69.56521739,0.5545,0.1774,0.2293,0.0507,NA,NA
N101_F4,N101,F4,10.7,7.5,24.5,19.8,94.23076923,94.11764706,0.5613,0.2076,0.2078,0.1114,31.1,34
N101_F4,N101,F4,9.3,7.2,27.6,17.7,96.51162791,18.18181818,0.4629,0.1767,0.2559,0.1138,29.1,32.7
N101_F4,N101,F4,12.4,7.6,29,17.3,93.84615385,93.75,0.4227,0.1796,0.1655,0.1376,NA,NA
N101_F4,N101,F4,10.7,8.7,25.9,21.9,93.33333333,50.90909091,0.6069,0.1828,0.2855,0.0995,NA,NA
N102_F5,N102,F5,10.6,8.5,26.4,25.5,88.23529412,66.66666667,0.7508,0.1779,0.1749,0.0797,NA,NA
N102_F5,N102,F5,10.3,6,31.1,18.9,100,62.33766234,0.3984,0.2434,0.1421,0.0871,NA,NA
N102_F5,N102,F5,9,8.5,27.8,13.7,95.6043956,41.44144144,0.7133,0.2094,0.2136,0.0766,NA,NA
N102_F5,N102,F5,12.4,7.3,26.9,NA,92.72727273,NA,0.8684,0.2512,0.1967,0.0669,NA,NA
N107_F5,N107,F5,11.4,8.1,33.4,7.1,102.2222222,12.5,0.4414,0.1701,0.1895,0.1031,NA,NA
N107_F5,N107,F5,11.1,9.8,25.4,21,100,111.5384615,0.6185,0.2584,0.1489,0.1521,NA,NA
N107_F5,N107,F5,16.2,8.8,29.7,21.1,92,81.3559322,0.6299,0.2308,0.2088,0.134,NA,NA
N107_F5,N107,F5,14.7,10.4,31.2,27.2,90.99099099,56.52173913,0.4951,0.1549,0.2118,0.0882,NA,NA
N108_F5,N108,F5,9.8,7.6,30.2,11.9,103.9215686,41.66666667,0.454,0.1578,0.1543,0.0836,33.2,35.7
N108_F5,N108,F5,12.3,6.6,18.6,11.7,100.9345794,60,0.3275,0.1817,0.0823,0.1156,29.8,33.5
N108_F5,N108,F5,13.2,9,26.1,10,85.96491228,90.47619048,0.5603,0.0811,0.1899,0.0469,NA,NA
N108_F5,N108,F5,9.1,7.3,23.9,21.1,87.17948718,102.3809524,0.2143,0.1541,0.0795,0.0971,NA,NA
N109_F5,N109,F5,12,7.7,29.8,17.1,102.9411765,40,0.4566,0.2124,0.1892,0.1244,33,30.7
N109_F5,N109,F5,10.2,7.5,30.8,NA,93.81443299,NA,0.8635,0.2219,0.4432,0.0882,29.1,37.1
N109_F5,N109,F5,14.1,9.9,32.1,18.8,84.44444444,125,0.8297,0.0682,0.3287,0.0988,NA,NA
N109_F5,N109,F5,12.6,9.6,35.6,33.3,98.68421053,50,0.9826,0.2367,0.3757,0.0935,NA,NA
N11_F4,N11,F4,12.4,8.5,30.7,NA,92.79279279,NA,0.9496,0.3488,0.3486,0.1063,NA,NA
N11_F4,N11,F4,14.4,6.5,30.4,23.8,98.07692308,54.07166124,1.1092,0.3283,0.5014,0.1149,NA,NA
N11_F4,N11,F4,14.4,9.3,24.5,NA,97.97979798,NA,0.8539,0.2737,0.3487,0.0995,NA,NA
N11_F4,N11,F4,13.5,10.3,33,NA,93.10344828,NA,0.8169,0.1404,0.2759,0.0447,NA,NA
N110_F4,N110,F4,14.9,8.4,20.2,NA,92.59259259,NA,0.5461,0.1652,0.1854,0.0701,NA,NA
N110_F4,N110,F4,13.6,9,25.4,16.1,98.55072464,14.03508772,0.5366,0.1801,0.2487,0.0759,NA,NA
N110_F4,N110,F4,11.2,9.9,30.6,18.7,97.14285714,75,0.754,0.1563,0.3337,0.0901,NA,NA
N110_F4,N110,F4,12.3,8.2,28,14.2,78.84615385,29.31034483,0.4985,0.1765,0.1414,0.0739,NA,NA
N111_F5,N111,F5,15.4,8.5,21.4,NA,101.5625,NA,0.6729,0.2544,0.2701,0.0852,29.3,34.7
N111_F5,N111,F5,14.1,5.7,30.8,17.3,83.33333333,85.71428571,0.4892,0.2194,0.2712,0.1192,30.5,33.6
N111_F5,N111,F5,16.8,7.5,33.7,16.1,98.33333333,100,0.5127,0.1695,0.1644,0.0772,NA,NA
N111_F5,N111,F5,15.9,9.3,29.8,36.2,81.25,93.10344828,0.4823,0.1756,0.2341,0.0782,NA,NA
N113_F5,N113,F5,12.2,9,33.8,20.3,100,23.31288344,0.5179,0.2319,0.1649,0.0652,28.7,34.7
N113_F5,N113,F5,12.9,7.9,24,29.2,91.46341463,13.5021097,0.6411,0.2304,0.0984,0.0541,31.6,35.5
N113_F5,N113,F5,10.2,10.3,36.7,15.9,95.45454545,47.22222222,0.6531,0.1902,0.1969,0.0491,NA,NA
N113_F5,N113,F5,12,7.4,27.5,39.5,87.87878788,70.27027027,0.6422,0.2141,0.1584,0.1135,NA,NA
N114_F4,N114,F4,12.9,7.6,29.4,9.6,116,-13.1147541,0.4289,0.1866,0.1691,0.1573,32.4,34.7
N114_F4,N114,F4,15.6,11.4,25.2,28.5,93.18181818,88.46153846,0.3057,0.1605,0.1257,0.1423,33.6,33.8
N114_F4,N114,F4,15,8.5,28.1,27.2,100,89.47368421,0.326,0.1004,0.1433,0.0992,NA,NA
N114_F4,N114,F4,12.5,8.6,33,22.7,93.02325581,93.5483871,0.3226,0.1886,0.2019,0.1102,NA,NA
N115_F5,N115,F5,15.8,10.7,29.9,13.9,113.6363636,56.52173913,0.7758,0.0972,0.4603,0.0752,NA,NA
N115_F5,N115,F5,8.6,10.1,36,NA,95.94594595,NA,0.2331,0.1581,0.0693,0.0925,NA,NA
N115_F5,N115,F5,13.1,8.5,29.6,17.9,88.88888889,25.96153846,0.3458,0.2274,0.0862,0.1167,NA,NA
N115_F5,N115,F5,12.6,7.3,32.8,28.8,106.8181818,72.22222222,0.2091,NA,0.0893,NA,NA,NA
N116_F5,N116,F5,14.6,10,27,18.4,91.89189189,3.703703704,0.7073,0.1597,0.3234,0.0932,NA,NA
N116_F5,N116,F5,16,11.5,36.1,18.5,95.0617284,58.69565217,0.3939,0.1919,0.1169,0.1114,NA,NA
N116_F5,N116,F5,14.6,10.4,32.2,14.3,100,27.84810127,0.7114,0.1573,0.2526,0.0653,NA,NA
N116_F5,N116,F5,7.4,8.5,22.7,19,96.61016949,63.88888889,0.5145,0.1254,0.3439,0.117,NA,NA
N117_F5,N117,F5,13.2,9.9,27.3,NA,99.2,NA,1.0555,0.2189,0.4213,0.1421,28,35.5
N117_F5,N117,F5,13.5,7.3,25.8,20.3,97.22222222,87.5,0.9631,0.1886,0.2772,0.1618,28.6,33.1
N117_F5,N117,F5,14.6,8.3,28.9,24.5,93.18181818,94.87179487,0.7336,0.2512,0.4578,0.1101,NA,NA
N117_F5,N117,F5,13.4,9.1,30.1,NA,89.28571429,NA,0.6871,0.3001,0.3436,0.132,NA,NA
N118_F5,N118,F5,9.8,8,33.7,NA,89.61038961,NA,0.4449,0.2115,0.2678,0.129,NA,NA
N118_F5,N118,F5,10,8.2,28.6,40.8,94.61077844,19.44444444,0.5347,0.2083,0.1521,0.1231,NA,NA
N118_F5,N118,F5,13,6.8,36.9,NA,93.24324324,NA,0.5832,0.2947,0.2589,0.1223,NA,NA
N118_F5,N118,F5,12.4,7.4,28.8,20,96.1038961,91.11111111,0.5517,0.1817,0.1951,0.1117,NA,NA
N119_F4,N119,F4,10.5,8,29.9,20.4,89.26553672,95,0.6398,0.2019,0.1458,0.0816,27.7,34
N119_F4,N119,F4,10.3,7.1,28.4,15.8,97.33333333,15,0.3993,0.1926,0.1985,0.0608,32.8,34.8
N119_F4,N119,F4,12.2,8.6,28.3,23.7,88.60759494,19.48717949,0.8359,0.2956,0.2723,0.1654,NA,NA
N119_F4,N119,F4,10.5,9.4,24.6,26.3,78.66666667,90.74074074,0.5855,0.2907,0.1416,0.1232,NA,NA
N12_F5,N12,F5,8.4,8.7,21.2,26.8,98.03921569,40.29850746,0.6817,0.2441,0.2425,0.1073,25.5,32.1
N12_F5,N12,F5,12.1,8.2,29.5,19.1,90.66666667,17.6056338,0.2986,0.1652,0.0515,0.0719,31.8,34.6
N12_F5,N12,F5,10.1,8.7,32.1,8.7,88,20.33898305,0.7825,0.1656,0.2115,0.1025,NA,NA
N12_F5,N12,F5,13.9,8.7,29.6,NA,89.85507246,NA,0.5659,0.1475,0.1391,0.0934,NA,NA
N120_F4,N120,F4,13.8,10.1,23.9,36.9,90.625,20.3125,0.3875,0.1564,0.1456,0.0819,25.2,33.6
N120_F4,N120,F4,14,10,24.3,23.9,90,20,0.4395,NA,0.1887,NA,31.3,35.7
N120_F4,N120,F4,13.3,1.7,28.9,NA,96.47058824,NA,0.8705,0.2098,0.3012,0.0866,NA,NA
N120_F4,N120,F4,15.8,10.4,30.3,18.1,86.20689655,62.5,0.5573,0.1984,0.2499,0.1561,NA,NA
N121_F5,N121,F5,13.8,8.2,33.2,34.2,104.5454545,52.77777778,0.4973,0.1644,0.2632,0.0719,NA,NA
N121_F5,N121,F5,12.8,8.3,32.2,18,97.14285714,45.09803922,0.4918,NA,0.2206,NA,NA,NA
N121_F5,N121,F5,12.6,10.4,28.2,22.3,96.55172414,74.64788732,0.4949,0.2119,0.1149,0.0732,NA,NA
N121_F5,N121,F5,12,10,30.8,32.7,84.53608247,21.73913043,0.5613,0.3146,0.1387,0.1621,NA,NA
N122_F5,N122,F5,12.2,10.5,26.7,NA,95.18072289,NA,0.6022,0.2592,0.1875,0.0883,32.1,35
N122_F5,N122,F5,15.8,8.6,32.1,26.5,74.69879518,23.4375,0.7097,0.3184,0.1959,0.1001,33.4,34.3
N122_F5,N122,F5,13.6,11.4,26,19.8,88.75,100,0.6786,0.1714,0.2081,0.0569,NA,NA
N122_F5,N122,F5,13,10.2,26.1,25.3,87.5,17.27272727,0.5798,0.2948,0.1748,0.1054,NA,NA
N123_F5,N123,F5,9.4,6.7,28.9,11.3,105,17.5,0.4716,0.1344,0.2212,0.0649,30.4,32.4
N123_F5,N123,F5,12.2,8,26.9,26.5,77.77777778,90,0.4859,0.2099,0.1734,0.1586,27.2,33.2
N123_F5,N123,F5,11.9,9,31.8,27,100,96.61016949,0.4276,0.2001,0.4288,0.1466,NA,NA
N123_F5,N123,F5,14.3,7.4,33.9,16.2,92.98245614,90,0.6444,0.2489,0.2692,0.0795,NA,NA
N124_F5,N124,F5,11.2,8.7,27.3,32.3,95.6043956,60.78431373,0.3474,0.2018,0.144,0.2286,29.5,35
N124_F5,N124,F5,14.3,8.1,32.3,22.7,88.31168831,100,0.3927,0.0881,0.0836,0.0672,30.6,36
N124_F5,N124,F5,12.4,8.4,29.8,21.7,98.30508475,88.88888889,0.5459,0.1954,0.1363,0.0989,NA,NA
N124_F5,N124,F5,13.4,8,32.7,28.5,86.04651163,82.75862069,0.6054,0.1471,0.2259,0.0882,NA,NA
N125_F5,N125,F5,15.1,11.5,24.1,21.8,100,19.84732824,0.8524,0.2361,0.3202,0.0984,NA,NA
N125_F5,N125,F5,15.6,11.9,28.6,NA,122.2222222,NA,0.6153,0.2835,0.4727,0.1189,NA,NA
N125_F5,N125,F5,17.9,11.1,27.6,12.2,92.61744966,18.42105263,0.7424,0.2534,0.4318,0.1212,NA,NA
N125_F5,N125,F5,16.5,11.8,28.7,NA,93.5483871,NA,1.0924,0.3288,0.4154,0.1549,NA,NA
N127_F5,N127,F5,11.1,8.5,22.7,NA,97.56097561,NA,0.7773,0.2132,0.2309,0.1033,NA,NA
N127_F5,N127,F5,14.1,8,32.1,NA,96.1038961,NA,0.8709,0.2939,0.1503,0.1098,NA,NA
N127_F5,N127,F5,12.4,9.9,22.9,29.6,90.24390244,18.08510638,0.5635,0.1888,0.4748,0.0849,NA,NA
N127_F5,N127,F5,14.9,8.5,35.2,NA,88.35616438,NA,0.7702,0.2201,0.3023,0.0757,NA,NA
N128_F5,N128,F5,13.8,10.4,22.9,15.8,91.89189189,13.18681319,0.6065,0.2072,0.1481,0.0843,NA,NA
N128_F5,N128,F5,14.6,9.4,29,NA,96.2962963,NA,0.7742,0.1664,0.2818,0.0479,NA,NA
N128_F5,N128,F5,15.1,7.1,29,12.7,91.78082192,40.74074074,0.4635,0.1823,0.2136,0.0492,NA,NA
N128_F5,N128,F5,14.9,8.2,30.4,NA,92.68292683,NA,0.7291,0.1823,0.3486,0.0762,NA,NA
N129_F4,N129,F4,11.5,10,29.7,NA,103.5714286,NA,1.0663,0.2557,0.4384,0.1384,NA,NA
N129_F4,N129,F4,12.7,2.7,31.9,9.7,101.0989011,91.93548387,0.5392,0.2974,0.2309,0.1149,NA,NA
N129_F4,N129,F4,12.2,8.7,27.7,NA,77.41935484,NA,0.7607,0.2517,0.3605,0.1097,NA,NA
N129_F4,N129,F4,15.6,9.1,28.1,24,89.65517241,47.91666667,0.593,0.0997,0.1975,0.0164,NA,NA
N13_F5,N13,F5,13.3,9.2,30,23.5,93.75,23.23232323,0.5382,0.2061,0.2376,0.1611,26.5,34.3
N13_F5,N13,F5,13,8.3,32.9,25.2,102.5,76,0.6673,0.2067,0.2782,0.1774,28,32.4
N13_F5,N13,F5,15,9,33.7,22,97.14285714,92,0.3853,0.1809,0.1692,0.1103,NA,NA
N13_F5,N13,F5,15.7,8.5,36.2,20.8,100,95.45454545,0.5757,0.1594,0.3193,0.1623,NA,NA
N133_F5,N133,F5,14.1,8.2,31.7,20,96.82539683,96.96969697,0.5842,0.1349,0.1859,0.0707,32.6,32.4
N133_F5,N133,F5,12.9,10.1,31.9,22.4,93.22033898,97.87234043,0.5081,0.2563,0.0843,0.1824,29.1,35.5
N133_F5,N133,F5,15.3,7.8,25.1,26.4,91.66666667,97.36842105,0.6717,0.2012,0.1971,0.1102,NA,NA
N133_F5,N133,F5,7.9,7.5,15.8,19.9,91.04477612,90.47619048,0.2148,0.2289,0.0361,0.1236,NA,NA
N138_F5,N138,F5,12.6,9.5,31.5,NA,75,NA,0.6367,0.0474,0.2482,0.1011,NA,NA
N138_F5,N138,F5,12.9,9.2,29.6,NA,107.4766355,NA,0.6869,0.2027,0.2148,0.1014,NA,NA
N138_F5,N138,F5,9.4,9.2,34.1,29.3,97.10144928,83.33333333,0.5658,0.2691,0.3515,0.1627,NA,NA
N138_F5,N138,F5,14.2,10.1,31.1,13.5,86.36363636,38.46153846,0.5958,0.2132,0.3371,0.1233,NA,NA
N14_F5,N14,F5,15.6,8.6,25.2,5,97.77777778,26.41509434,0.8697,0.2188,0.3374,0.0862,NA,NA
N14_F5,N14,F5,10.8,9.5,24.9,NA,80.85106383,NA,1.1031,0.1668,0.3789,0.0852,NA,NA
N14_F5,N14,F5,14.9,10,30.8,NA,91.07142857,20.14925373,0.8966,0.2635,0.365,0.1001,NA,NA
N14_F5,N14,F5,15.6,9.5,33.2,NA,101.6129032,NA,0.4579,0.2034,0.2189,0.0996,NA,NA
N144_F5,N144,F5,12.3,5.2,27.2,18.9,84.90566038,94.44444444,0.5655,0.2174,0.2679,0.1004,31.8,34.2
N144_F5,N144,F5,13.2,8.9,25.1,NA,100,NA,0.6899,0.1797,0.3179,0.1274,33.2,32.4
N144_F5,N144,F5,13.6,8.5,28.1,20.4,95.71428571,100,0.9135,0.0804,0.3849,0.0412,NA,NA
N144_F5,N144,F5,14.1,9.4,26.8,28.8,81.25,94.11764706,0.7207,0.2204,0.3629,0.1574,NA,NA
N15_F5,N15,F5,13.5,8.1,23.4,21.7,98.52941176,13.88888889,0.8048,0.2976,0.4346,0.1439,NA,NA
N15_F5,N15,F5,15.5,12.2,30.5,NA,98.50746269,NA,0.9201,0.1096,0.5093,0.0601,NA,NA
N15_F5,N15,F5,14.7,9.4,31.4,NA,93.82716049,NA,0.7265,0.2584,0.3945,0.117,NA,NA
N15_F5,N15,F5,15.7,11.1,32.6,NA,85.88235294,NA,1.0528,0.3461,0.4176,0.1611,NA,NA
N154_F5,N154,F5,12.4,10,23.5,NA,91.42857143,NA,0.6844,0.197,0.3361,0.0804,NA,NA
N154_F5,N154,F5,14,9.9,21.6,NA,89.87341772,NA,0.7079,0.2273,0.2361,0.1039,NA,NA
N154_F5,N154,F5,13.1,9.4,25.3,NA,94.61538462,NA,0.6879,0.2363,0.3789,0.0837,NA,NA
N154_F5,N154,F5,15.8,9.8,34.5,NA,91.66666667,NA,0.9776,0.0996,0.3415,0.0928,NA,NA
N16_F5,N16,F5,17.3,7.6,29.1,27.7,104.6511628,25.23364486,0.6533,0.2198,0.1931,0.0889,29.4,35
N16_F5,N16,F5,9.5,9.4,21.9,21,97.95918367,30.23255814,0.6269,0.2461,0.1638,0.0914,30.8,32.7
N16_F5,N16,F5,14,7.9,22.9,NA,91.75257732,NA,0.6087,0.1924,0.1326,0.1045,NA,NA
N16_F5,N16,F5,14.1,10.4,24.3,15.3,88.81578947,95.45454545,0.419,0.2332,0.097,0.1351,NA,NA
N160_F5,N160,F5,12.8,7.8,25.6,NA,91.17647059,NA,0.4641,0.2412,0.1815,0.0906,30.5,33.7
N160_F5,N160,F5,10,7,31.6,NA,100,NA,0.4778,0.3074,0.157,0.1599,27.8,34.4
N160_F5,N160,F5,11.1,10,28.6,27.8,98.33333333,100,0.4646,0.0554,0.125,0.0662,NA,NA
N160_F5,N160,F5,13.5,8.9,28.5,20.5,85.24590164,90,0.7522,0.2229,0.2767,0.0684,NA,NA
N161_F5,N161,F5,11.9,8.3,16.2,4.3,93.33333333,28.57142857,0.5608,0.1659,0.1496,0.0645,NA,NA
N161_F5,N161,F5,12.8,7.3,23.2,6.4,95.65217391,43.08943089,0.5681,0.174,0.1708,0.0684,NA,NA
N161_F5,N161,F5,10,10.2,23.3,19.2,100,40,0.5724,0.2412,0.1321,0.0573,NA,NA
N161_F5,N161,F5,13.9,9.6,19.5,NA,90.66666667,NA,0.3605,0.3019,0.0855,0.0956,NA,NA
N162_F5,N162,F5,12.1,10,26.1,27.4,146.1538462,-22.58064516,1.1128,0.2959,0.4573,0.1315,NA,NA
N162_F5,N162,F5,11.5,5.4,27.9,NA,101.6949153,NA,0.4786,0.2695,0.3887,0.1031,NA,NA
N162_F5,N162,F5,11.7,9.9,23.7,17,89.65517241,50,0.7027,0.2261,0.4975,0.0891,NA,NA
N162_F5,N162,F5,14.9,8.8,30.6,24.6,88.33333333,14.86486486,0.8037,0.2261,0.4207,0.0846,NA,NA
N165_F5,N165,F5,15.6,11,29.1,35,77.5,-53.33333333,0.5196,0.2094,0.2634,0.0887,NA,NA
N165_F5,N165,F5,13.6,10.8,26.7,NA,113.9534884,NA,0.4023,0.1629,0.1773,0.1278,NA,NA
N165_F5,N165,F5,15.4,9.8,25.5,14.2,85.41666667,87.87878788,0.4421,0.1514,0.4164,0.0931,NA,NA
N165_F5,N165,F5,16.9,9.4,34.3,15,82.35294118,14.91712707,0.9586,0.2059,0.4428,0.0924,NA,NA
N166_F5,N166,F5,12.1,9.5,20.9,21.4,109.3023256,14,0.6383,0.1723,0.4467,0.0669,NA,NA
N166_F5,N166,F5,15.3,9.7,27.6,10.8,91.09589041,6.451612903,0.9249,0.1817,0.5202,0.1368,NA,NA
N166_F5,N166,F5,14.9,7.5,26.4,15.4,77.77777778,107.4074074,0.9937,0.2686,0.5136,0.1105,NA,NA
N166_F5,N166,F5,15.1,10.4,28.5,22,90.76923077,42.1686747,1.0068,0.2203,0.4078,0.1134,NA,NA
N172_F5,N172,F5,15.4,10.2,31.1,NA,97.05882353,NA,0.5082,0.2198,0.118,0.0999,NA,NA
N172_F5,N172,F5,17.6,12,29.3,8.1,83.33333333,57.14285714,0.6132,0.2137,0.2429,0.1004,NA,NA
N172_F5,N172,F5,21.6,13.3,30.9,19.7,82.9787234,12.6984127,0.6069,0.0253,0.1692,0.0819,NA,NA
N172_F5,N172,F5,19.2,10.9,24.8,17.1,86.66666667,NA,0.7908,0.1479,0.2003,0.0821,NA,NA
N173_F5,N173,F5,12.4,9.9,31.7,24.6,102.2222222,13.58024691,0.7525,0.227,0.3764,0.115,NA,NA
N173_F5,N173,F5,11.2,10.5,21.5,20.6,98.0952381,13.36032389,0.5124,0.2782,0.2853,0.1527,NA,NA
N173_F5,N173,F5,12.8,10,30.6,NA,96.92307692,NA,0.5257,0.2493,0.1833,0.1432,NA,NA
N173_F5,N173,F5,11.5,9,28.4,23.7,93.33333333,19.44444444,0.7615,0.2365,0.413,0.1463,NA,NA
N174_F5,N174,F5,11.6,5.9,29.9,NA,95.65217391,NA,0.4993,0.2099,0.2385,0.1281,27.2,34.3
N174_F5,N174,F5,12.6,9.3,24.3,24.7,101.5873016,92,0.4685,0.1911,0.1743,0.0804,32.2,34.7
N174_F5,N174,F5,11.6,7,34.8,18.8,90.56603774,88.31168831,0.5831,0.1429,0.2771,0.0619,NA,NA
N174_F5,N174,F5,9.2,8.9,34.4,22.7,92.85714286,20,0.6113,0.1929,0.2801,0.1221,NA,NA
N179_F5,N179,F5,12.3,6.9,28.6,16.6,94.82758621,103.4482759,0.3517,0.0832,0.1214,0.0761,30.5,32.5
N179_F5,N179,F5,11.6,12.5,24.8,23.1,92.59259259,77.77777778,0.5749,0.1054,0.2388,0.1104,31.6,33.7
N179_F5,N179,F5,12.5,6,20,16,91.20879121,96.2962963,0.3769,0.2759,0.2483,0.2609,NA,NA
N179_F5,N179,F5,14.9,10.8,29.2,NA,96.63865546,NA,0.4284,0.1783,0.2237,0.1463,NA,NA
N180_F5,N180,F5,9.2,7.4,26.4,24.2,93.22033898,102.5,0.5731,0.1685,0.2024,0.1502,33.1,34.5
N180_F5,N180,F5,12.9,7.7,26.1,14.6,90.90909091,95,0.5382,0.1604,0.1979,0.1256,31.6,34.3
N180_F5,N180,F5,11.9,9.6,31.5,23.4,85.41666667,13.30275229,0.5492,0.1319,0.2126,0.0641,NA,NA
N180_F5,N180,F5,13.3,8.5,30.4,28.4,90.19607843,96.2962963,0.2835,0.1466,0.1334,0.1087,NA,NA
N182_F5,N182,F5,10.8,10,27.2,38.9,86.84210526,26.25,0.5489,0.2527,0.1877,0.1111,NA,NA
N182_F5,N182,F5,14.4,5.4,27,NA,93.75,NA,0.3765,0.2205,0.3349,0.1047,NA,NA
N182_F5,N182,F5,12.4,9,30.1,NA,98.18181818,NA,0.3515,0.2024,0.0621,0.0837,NA,NA
N182_F5,N182,F5,13.9,11.7,23.6,24.4,98.92473118,32.53012048,0.6619,0.2048,0.2479,0.0749,NA,NA
N183_F5,N183,F5,12.4,8.6,33.7,20.7,87.5,78.94736842,0.6009,0.2613,0.2488,0.0958,NA,NA
N183_F5,N183,F5,14.8,8.6,31.4,NA,91.08910891,NA,0.9352,0.2312,0.4544,0.1302,NA,NA
N183_F5,N183,F5,11.8,10.8,34,NA,111.5384615,NA,0.6927,0.2523,0.2641,0.0953,NA,NA
N183_F5,N183,F5,13.2,10,32.5,NA,88,NA,0.6411,0.2461,0.2279,0.0998,NA,NA
N25_F5,N25,F5,11.8,7.6,34.8,27.8,108.3333333,51.42857143,0.4312,0.1819,0.099,0.1062,33.7,35.2
N25_F5,N25,F5,11.5,9.3,27.5,33.3,83.72093023,48.23529412,0.645,0.1881,0.2071,0.0952,30.3,35.6
N25_F5,N25,F5,15.7,10.7,31.9,33.7,86.56716418,54.23728814,0.5907,0.2139,0.1454,0.0751,NA,NA
N25_F5,N25,F5,14.6,6,33.2,23.6,90.90909091,79.54545455,0.5723,0.231,0.2722,0.0675,NA,NA
N27_F5,N27,F5,13,8.9,28.3,12.9,93.33333333,51.13636364,0.7487,0.2249,0.3075,0.2352,33.1,38.2
N27_F5,N27,F5,15.9,8.3,27.1,NA,80.6122449,NA,0.3905,0.1955,0.1719,0.0676,31.5,34.2
N27_F5,N27,F5,13.5,11.2,30.7,NA,97.87234043,NA,0.8258,0.1519,0.4329,0.0786,NA,NA
N27_F5,N27,F5,14.4,10.1,29.3,19.4,82.60869565,85.71428571,0.8622,0.1444,0.3064,0.1007,NA,NA
N3_F5,N3,F5,13.9,9.1,24.7,19.4,94.30894309,15.90909091,0.8377,0.1731,0.3079,0.1295,32.1,33.2
N3_F5,N3,F5,17.2,10.1,29.5,22.1,86.04651163,94.11764706,0.5783,0.2662,0.2962,0.1391,30.7,36.4
N3_F5,N3,F5,17.2,9,27.3,20.8,91.52542373,76.36363636,0.6924,0.1606,0.2707,0.1653,NA,NA
N3_F5,N3,F5,15.3,9.7,29.3,NA,83.33333333,NA,0.8676,0.2489,0.3396,0.1606,NA,NA
N30_F5,N30,F5,11.1,5.8,24.1,15.1,81.25,37.87878788,0.424,0.1393,0.2219,0.0819,NA,NA
N30_F5,N30,F5,10.6,8,26.4,17.6,82,11.32075472,0.6301,0.1624,0.3093,0.1326,NA,NA
N30_F5,N30,F5,13,5.9,28.3,25.3,91.76470588,56.25,0.474,0.1342,0.2643,0.0702,NA,NA
N30_F5,N30,F5,12.4,8.7,28.8,23.9,81.53846154,68.57142857,0.6877,0.1344,0.2199,0.0978,NA,NA
N33_F5,N33,F5,14,6.8,27,NA,76.19047619,NA,0.7843,0.2123,0.2257,0.1323,NA,NA
N33_F5,N33,F5,13.8,9.1,26.2,20.9,94.36619718,15.09433962,0.7054,0.2332,0.2108,0.1039,NA,NA
N33_F5,N33,F5,15.2,9.2,26.6,42.3,90.90909091,15.81632653,0.4034,0.3158,0.3046,0.1046,NA,NA
N33_F5,N33,F5,15.4,7.5,30.8,19.8,96.42857143,100,0.8544,0.2877,0.4465,0.1154,NA,NA
N35_F5,N35,F5,9.1,9.8,29.2,NA,100,NA,0.8186,0.1804,0.3952,0.0713,NA,NA
N35_F5,N35,F5,10.1,8,30,20.5,100,72.72727273,0.7506,0.2381,0.2968,0.0935,NA,NA
N35_F5,N35,F5,11.4,8,27.7,NA,92.59259259,NA,0.5516,0.1847,0.3717,0.1133,NA,NA
N35_F5,N35,F5,11.5,8,29.1,22.9,85.13513514,41.02564103,0.4201,0.1551,0.1224,0.0579,NA,NA
N39_F5,N39,F5,11.1,6.1,27.3,21.4,118.1818182,58.33333333,0.4633,0.0613,0.1029,0.0404,31.3,31.2
N39_F5,N39,F5,12.9,5,27.6,18.3,96.47058824,99.27007299,0.2614,0.2041,0.1122,0.1407,31.7,35.7
N39_F5,N39,F5,10.3,6.9,23.4,25.3,87.09677419,96.49122807,0.2861,0.0946,0.0778,0.0911,NA,NA
N39_F5,N39,F5,10.4,5.7,29,24.2,100,83.63636364,0.4019,0.1321,0.0985,0.0838,NA,NA
N4_F5,N4,F5,9.3,8.7,21.3,25,93.61702128,102.2727273,0.8545,0.2436,0.3566,0.0996,NA,NA
N4_F5,N4,F5,11,9.1,26.4,11.8,97.91666667,36.84210526,0.4725,0.2149,0.1593,0.084,NA,NA
N4_F5,N4,F5,9.1,7.6,25.8,21.3,NA,36.60714286,0.7073,0.2478,0.3111,0.0624,NA,NA
N4_F5,N4,F5,11.5,8.5,31.4,NA,97.77777778,NA,0.5206,0.1911,0.154,0.0598,NA,NA
N41_F5,N41,F5,15.2,9.6,29.8,13.4,108.3333333,14.50381679,0.5299,0.1618,0.2965,0.0903,NA,NA
N41_F5,N41,F5,14.1,9.6,26.1,NA,96.49122807,NA,0.4229,0.2021,0.4071,0.1074,NA,NA
N41_F5,N41,F5,12.2,8.4,26.4,NA,100,NA,0.5832,0.1508,0.5285,0.1015,NA,NA
N41_F5,N41,F5,10.1,10,32.2,NA,90.24390244,NA,0.4895,0.1762,0.1913,0.1114,NA,NA
N43_F5,N43,F5,10.2,8.1,28.2,16.6,109.0909091,40.74074074,0.4834,0.1484,0.4505,0.0921,33,33
N43_F5,N43,F5,13.5,8.3,24.3,NA,95.91836735,NA,0.6608,0.1712,0.2372,0.0736,31.4,34.1
N43_F5,N43,F5,14,9.2,24.5,21.3,96.77419355,100,0.6114,0.1313,0.2914,0.0591,NA,NA
N43_F5,N43,F5,14.3,7,29.7,24.6,87.75510204,25.78125,0.6024,0.1512,0.2646,0.0669,NA,NA
N48_F5,N48,F5,11,8.3,30.6,27.1,100,12.71186441,0.5513,0.2449,0.3778,0.1231,32.2,33
N48_F5,N48,F5,11.5,8.6,29.2,17.1,95.58823529,104.1666667,0.8185,0.2172,0.2534,0.0805,29.7,34.7
N48_F5,N48,F5,13.6,10.5,30.3,27.2,89.55223881,67.34693878,0.3528,0.2197,0.1604,0.1014,NA,NA
N48_F5,N48,F5,13.5,8.9,30.4,NA,98.33333333,NA,0.8349,0.2801,0.2416,0.1702,NA,NA
N5_F5,N5,F5,12,7.1,34.7,27,95.38461538,23.07692308,0.5913,0.1465,0.2764,0.1204,32.7,32.7
N5_F5,N5,F5,12.3,9.1,31.4,24.6,91.42857143,90.90909091,0.3784,0.2304,0.1467,0.0712,30.1,34.2
N5_F5,N5,F5,11,7.4,32.3,49.2,86.44067797,45.16129032,0.3832,0.1147,0.1597,0.0561,NA,NA
N5_F5,N5,F5,11.4,11,32.7,NA,91.94312796,NA,0.3049,0.1892,0.1041,0.1514,NA,NA
N53_F5,N53,F5,16,9.2,30,22.8,86.36363636,32.29166667,0.7552,0.2026,0.2134,0.1094,NA,NA
N53_F5,N53,F5,13.9,9.5,26.6,NA,97.61904762,NA,0.574,0.1579,0.2197,0.0841,NA,NA
N53_F5,N53,F5,17.5,10.7,31.7,29.5,97.10144928,43.33333333,1.0906,0.2317,0.2925,0.0822,NA,NA
N53_F5,N53,F5,16.6,10.9,21.8,10,91.11111111,23.07692308,0.7823,0.2055,0.3393,0.0671,NA,NA
N54_F5,N54,F5,12.6,7.3,25.6,9.9,102.173913,79.06976744,0.4556,0.1758,0.1424,0.0525,31.2,37.3
N54_F5,N54,F5,11.8,9.5,26.9,NA,10.9375,26.66666667,0.4381,0.1254,0.1057,0.1213,31.2,32.9
N54_F5,N54,F5,11.9,9.6,25.8,NA,96.49122807,NA,1.0209,0.2163,0.3028,0.0656,NA,NA
N54_F5,N54,F5,14.5,6.9,31.2,26,87.87878788,65.51724138,0.4112,0.1553,0.0376,0.0569,NA,NA
N59_F5,N59,F5,12.6,6.1,26.3,23.7,106.3829787,74.19354839,0.5019,0.1191,0.1823,0.0976,NA,NA
N59_F5,N59,F5,9.9,5.3,24.8,28.8,96,68.25396825,0.3276,0.1719,0.1612,0.0894,NA,NA
N59_F5,N59,F5,12.5,7.5,28.9,8.2,84.61538462,19.44444444,0.5688,0.1156,0.1927,0.0757,NA,NA
N59_F5,N59,F5,12.8,8.7,27.2,23.2,86.48648649,52.5,0.4882,0.1798,0.221,0.0961,NA,NA
N6_F4,N6,F4,12.3,7,30.5,11.2,92.59259259,71.42857143,0.3871,0.1822,0.1653,0.1006,32.2,34.3
N6_F4,N6,F4,12.7,9.1,25.2,21.8,90.24390244,64.17910448,0.5634,0.1252,0.2261,0.0937,27.7,33.9
N6_F4,N6,F4,16.8,8.9,33.1,36,92,72.4137931,0.4472,0.1472,0.1996,0.1106,NA,NA
N6_F4,N6,F4,16.1,5.5,32.6,14.6,95,100,0.5415,0.2061,0.1154,0.1297,NA,NA
N63_F5,N63,F5,13.8,8.9,32.3,22.7,113.6363636,12.28070175,0.4693,0.1566,0.2152,0.0869,NA,NA
N63_F5,N63,F5,10.9,9.1,19.9,21.2,91.30434783,98.33333333,0.6137,NA,0.2466,NA,NA,NA
N63_F5,N63,F5,12.8,10.6,29.1,9.8,95.83333333,52.38095238,0.4579,0.1732,0.1636,0.1527,NA,NA
N63_F5,N63,F5,15.2,9.2,27,8.8,99.13043478,23.74100719,0.6479,0.1546,0.2564,0.0582,NA,NA
N65_F5,N65,F5,13.6,10.1,26.8,NA,71.05263158,NA,0.6424,0.1529,0.1824,0.0643,NA,NA
N65_F5,N65,F5,11.8,8.3,26.9,NA,79.59183673,NA,0.5972,0.1843,0.2113,0.0764,NA,NA
N65_F5,N65,F5,13.1,8.1,24.1,19,90.56603774,17.72151899,0.5243,0.1544,0.3288,0.1122,NA,NA
N65_F5,N65,F5,11.4,8.1,31.3,19.7,81.3559322,90.38461538,0.395,0.1611,0.3738,0.1122,NA,NA
N67_F5,N67,F5,11,9.9,27.5,13.9,90.24390244,8.108108108,0.4439,0.1482,0.0807,0.0661,29.7,31.9
N67_F5,N67,F5,10.9,8.1,19.6,25.7,96.15384615,15.30612245,0.3252,0.1541,0.0714,0.0497,29.5,32
N67_F5,N67,F5,10,9.9,23,20.5,96.95431472,96.36363636,1.0271,0.0114,0.4176,0.0723,NA,NA
N67_F5,N67,F5,16,9.9,29.8,17.6,89.70588235,14.54545455,0.4177,0.1792,0.1571,0.1362,NA,NA
N68_F5,N68,F5,10.7,8.8,23.7,NA,108.5106383,NA,0.8391,0.0284,0.3221,0.0746,NA,NA
N68_F5,N68,F5,12.2,10.8,28.8,NA,93.69369369,NA,0.5532,0.0423,0.3711,0.0718,NA,NA
N68_F5,N68,F5,12.2,6,23.4,NA,90.76923077,NA,0.7062,NA,0.2777,NA,NA,NA
N68_F5,N68,F5,11.9,9.9,27.4,38.4,93.22033898,84.88372093,0.9297,0.252,0.4632,0.1265,NA,NA
N69_F4,N69,F4,15,7.9,29.4,NA,100,NA,0.9858,0.1818,0.3162,0.069,NA,NA
N69_F4,N69,F4,13.2,9.1,26.8,13.4,104.950495,52.87356322,0.5939,0.1923,0.2203,0.0625,NA,NA
N69_F4,N69,F4,16.1,9.8,31.2,NA,80,NA,0.5605,0.1896,0.2276,0.1098,NA,NA
N69_F4,N69,F4,11.9,10.2,29.4,7.7,88.88888889,34.69387755,0.5156,0.231,0.2744,0.0883,NA,NA
N7_F5,N7,F5,13.5,7.5,30.5,13.9,84,24.74226804,0.3544,0.1798,0.1175,0.0611,NA,NA
N7_F5,N7,F5,10.8,8.2,23.4,NA,96.96969697,NA,0.5515,0.132,0.2144,0.0511,NA,NA
N7_F5,N7,F5,7.3,8.8,24.7,NA,100,NA,0.4605,0.1714,0.2512,0.0855,NA,NA
N7_F5,N7,F5,13.5,7.5,31.3,14,86.44067797,23.65591398,0.8966,0.1788,0.3372,0.0813,NA,NA
N77_F4,N77,F4,16.1,8.7,32.2,8.5,59.09090909,59.79381443,0.7584,0.1769,0.3807,0.0759,NA,NA
N77_F4,N77,F4,15.4,10.8,29.2,31.7,91.66666667,11.29032258,0.694,0.2806,0.2865,0.1189,NA,NA
N77_F4,N77,F4,16.8,8.4,30.7,11.5,84.3373494,12.72727273,0.4494,0.1906,0.1364,0.0833,NA,NA
N77_F4,N77,F4,13.2,7.2,31.4,14.3,87.35632184,28.42105263,0.8876,0.1368,0.3329,0.0589,NA,NA
N79_F5,N79,F5,11.5,8.2,22.7,7.7,105.5555556,34.72222222,0.2289,0.1856,0.2291,0.0684,32.4,33.1
N79_F5,N79,F5,10.8,8.1,26.1,27.2,101.9417476,30.76923077,0.5995,0.194,0.4953,0.0519,30.6,32.3
N79_F5,N79,F5,13.6,7.9,24.2,14.5,90.19607843,103.4482759,0.3592,0.2267,0.3182,0.1501,NA,NA
N79_F5,N79,F5,11.9,8.4,23.9,14.1,100,97.05882353,0.6009,0.1446,0.2681,0.0921,NA,NA
N8_F5,N8,F5,16,8,31.1,NA,98.27586207,NA,0.7512,0.1925,0.3499,0.0698,NA,NA
N8_F5,N8,F5,12.7,11.2,28.2,24.4,92,97.87234043,0.8251,0.25,0.2479,0.1,NA,NA
N8_F5,N8,F5,15.3,9.4,29.7,NA,95,NA,0.4271,0.1633,0.1459,0.0411,NA,NA
N8_F5,N8,F5,16.5,11.9,32.5,NA,89.28571429,NA,0.7194,0.1677,0.2476,0.0918,NA,NA
N82_F5,N82,F5,11.3,6.4,21.5,20.8,94.33962264,22.22222222,0.5947,0.1574,0.2085,0.0814,32.2,34.2
N82_F5,N82,F5,9.4,6.5,30.7,29,92.07920792,71.42857143,0.4491,0.1523,0.1608,0.0834,29.5,36.1
N82_F5,N82,F5,11.6,6.9,31.1,19.7,96.96969697,98.24561404,0.4077,NA,0.1348,NA,NA,NA
N82_F5,N82,F5,10.1,8.4,28.2,27.9,94.44444444,28.57142857,0.5956,0.2029,0.1589,0.0648,NA,NA
N83_F5,N83,F5,11.9,8.7,24.5,17.7,95.91836735,23.4375,0.8022,0.2238,0.2416,0.0706,NA,NA
N83_F5,N83,F5,13.2,9,26.8,20.8,109.2105263,51.42857143,0.6824,0.1462,0.1956,0.0646,NA,NA
N83_F5,N83,F5,14.8,10.5,23.3,NA,91.11111111,NA,0.4734,0.2531,0.1131,0.0774,NA,NA
N83_F5,N83,F5,15.3,9.6,26.7,46.6,87.32394366,58,0.7263,0.1728,0.1806,0.1065,NA,NA
N85_F5,N85,F5,16.4,12,30.3,13.3,104.7619048,16.4556962,0.1156,0.1673,0.0301,0.0942,28.8,31.3
N85_F5,N85,F5,18.9,13.4,26,NA,100,NA,0.5122,0.2762,0.3924,0.0846,31.5,34.4
N85_F5,N85,F5,18.7,9.5,24.8,21.1,87.23404255,95.65217391,0.5336,0.1322,0.2196,0.1282,NA,NA
N85_F5,N85,F5,11.1,10,30.3,18.9,72.22222222,92.30769231,0.7327,0.1079,0.2733,0.1312,NA,NA
N86_F5,N86,F5,18.6,10.8,26.7,18.5,95.40229885,56.75675676,0.8081,0.2084,0.2476,0.0657,35.4,35.4
N86_F5,N86,F5,17.6,12.9,20.7,13.1,116.6666667,14.28571429,0.5552,0.1113,0.2387,0.0784,29.3,34.1
N86_F5,N86,F5,23,11.8,32.5,29.5,94.59459459,77.5,0.5772,0.2191,0.3979,0.0951,NA,NA
N86_F5,N86,F5,19.3,11.6,24.2,23.7,93.93939394,79.16666667,0.9789,0.1285,0.3468,0.1078,NA,NA
N88_F5,N88,F5,12.2,9.5,26,15.6,90,10.41666667,0.4781,0.1873,0.1571,0.0794,NA,NA
N88_F5,N88,F5,16,7.6,29.3,11.9,93.10344828,14.81481481,0.5666,0.2453,0.1739,0.1879,NA,NA
N88_F5,N88,F5,12.9,9.4,26.8,23,82.69230769,12.5,0.7019,0.1689,0.2549,0.0985,NA,NA
N88_F5,N88,F5,15.3,9.2,29.7,27.9,91.66666667,78.94736842,0.7184,NA,0.4033,NA,NA,NA
N88_F6,N88,F6,14.2,11.1,24.3,11.1,85.10638298,52.45901639,0.6624,0.1956,0.2712,0.1292,NA,NA
N88_F6,N88,F6,16.6,10.3,26.3,NA,98.68421053,NA,0.5358,0.1425,0.1353,0.0732,NA,NA
N88_F6,N88,F6,19.1,9.6,27,NA,98.7804878,NA,0.5634,0.0431,0.2423,0.1079,NA,NA
N88_F6,N88,F6,15.1,8.7,29.9,15.9,89.58333333,102.6315789,0.6823,0.2075,0.2181,0.1349,NA,NA
N9_F5,N9,F5,12.8,9.1,25,22.2,100,16.25,0.4996,0.2936,0.2088,0.1951,32.2,31.7
N9_F5,N9,F5,15.3,8.2,30,15.9,108,20.83333333,0.7475,0.2148,0.2764,0.1018,31.2,32.9
N9_F5,N9,F5,12.1,10.7,25.7,37.9,91.30434783,76.47058824,0.5338,0.1928,0.2647,0.0704,NA,NA
N9_F5,N9,F5,10.2,10.2,21.1,42.7,87.5,22.91666667,0.2223,0.1672,0.0506,0.0815,NA,NA
N97_F5,N97,F5,14,8.4,29.4,24.5,84.46601942,19.35483871,1.0495,0.2639,0.2331,0.0521,NA,NA
N97_F5,N97,F5,16.3,8.8,33.1,13.5,91.37931034,19.44444444,0.8283,0.3026,0.178,0.1007,NA,NA
N97_F5,N97,F5,11.6,8.2,22.6,24.7,82.43243243,17.31843575,1.0572,0.2594,0.2141,0.0969,NA,NA
N97_F5,N97,F5,12.2,9.1,28.4,23.2,89.0625,64,0.3488,0.2588,0.0738,0.0793,NA,NA
N98_F5,N98,F5,13.8,10.2,29.6,17,96,-16.86746988,0.3915,0.2299,0.1199,0.1972,31.2,33.8
N98_F5,N98,F5,13.9,11.2,23.8,32.3,90.66666667,66.15384615,0.1288,0.2504,0.0446,0.1442,28.7,35.1
N98_F5,N98,F5,15.4,10.4,30.1,8.4,93.63636364,51.66666667,0.5931,0.2051,0.2611,0.1564,NA,NA
N98_F5,N98,F5,10,8.4,11.9,21.8,88,92.85714286,0.3752,0.1737,0.1533,0.0961,NA,NA
N99_F5,N99,F5,11.7,8.3,27.5,32.6,100,-28.57142857,0.6262,0.2174,0.2242,0.1222,31.7,33.7
N99_F5,N99,F5,13.3,7.9,31.7,26.7,104.587156,67.44186047,0.4467,0.1982,0.1443,0.1189,30.6,34.2
N99_F5,N99,F5,11.1,8.3,34.2,NA,101.1494253,NA,0.6154,0.1593,0.2761,0.1017,NA,NA
N99_F5,N99,F5,11.8,7.9,24.1,27.7,82.14285714,36.84210526,0.5854,0.1744,0.2151,0.0842,NA,NA